feedback_id,customer_id,survey_date,satisfaction_score,complaint_topic
FB_CUST_00000_e41529e5,CUST_00000,2025-08-15,1,clarity
FB_CUST_00001_38c2826c,CUST_00001,2023-06-23,1,none
FB_CUST_00004_0a82fad0,CUST_00004,2022-11-27,1,timing
FB_CUST_00012_a364cb14,CUST_00012,2025-03-30,1,timing
FB_CUST_00014_0493666c,CUST_00014,2023-02-22,1,none
FB_CUST_00024_6dd7d7be,CUST_00024,2025-06-11,1,none
FB_CUST_00026_d7fb6da2,CUST_00026,2022-08-26,1,frequency
FB_CUST_00028_622b8841,CUST_00028,2025-07-15,1,timing
FB_CUST_00029_1d5e052b,CUST_00029,2025-01-25,1,timing
FB_CUST_00031_dce17a67,CUST_00031,2022-03-07,1,frequency
FB_CUST_00033_4fdf18af,CUST_00033,2024-05-11,1,timing
FB_CUST_00037_9d4698f5,CUST_00037,2023-12-16,1,none
FB_CUST_00040_e3b104bb,CUST_00040,2022-01-07,1,clarity
FB_CUST_00042_de1db904,CUST_00042,2025-06-07,2,timing
FB_CUST_00043_2fa335ed,CUST_00043,2025-12-07,1,frequency
FB_CUST_00049_5f198e78,CUST_00049,2022-05-21,1,frequency
FB_CUST_00052_e4ab249a,CUST_00052,2024-11-07,1,none
FB_CUST_00066_8d268a59,CUST_00066,2024-05-13,1,timing
FB_CUST_00068_8be59dbc,CUST_00068,2024-03-06,1,none
FB_CUST_00069_f9ad12af,CUST_00069,2024-11-16,1,frequency
FB_CUST_00075_8e7a6920,CUST_00075,2025-03-01,1,frequency
FB_CUST_00079_14cdd91a,CUST_00079,2023-08-19,1,clarity
FB_CUST_00085_2e891c97,CUST_00085,2025-10-04,1,none
FB_CUST_00088_1fef056b,CUST_00088,2025-09-26,1,none
FB_CUST_00089_99650142,CUST_00089,2023-09-17,1,frequency
FB_CUST_00092_e96b423a,CUST_00092,2023-12-21,1,none
FB_CUST_00098_e702b582,CUST_00098,2022-01-26,1,timing
FB_CUST_00100_0644aa97,CUST_00100,2023-12-08,1,timing
FB_CUST_00101_2364cd67,CUST_00101,2025-12-08,1,frequency
FB_CUST_00105_e0fe1a7b,CUST_00105,2025-12-10,1,none
FB_CUST_00110_84734640,CUST_00110,2022-06-20,1,timing
FB_CUST_00111_14382e4f,CUST_00111,2022-05-29,1,none
FB_CUST_00113_7c584273,CUST_00113,2024-01-04,1,timing
FB_CUST_00119_0d778f58,CUST_00119,2025-09-24,1,none
FB_CUST_00120_464fb8d9,CUST_00120,2025-12-05,1,none
FB_CUST_00123_3dd5c025,CUST_00123,2022-11-21,1,frequency
FB_CUST_00125_cc1dcc36,CUST_00125,2024-03-26,1,none
FB_CUST_00126_ae93b399,CUST_00126,2024-04-27,1,none
FB_CUST_00127_5724208c,CUST_00127,2023-12-15,1,frequency
FB_CUST_00132_be2b4eb4,CUST_00132,2025-09-25,1,frequency
FB_CUST_00137_fad65c59,CUST_00137,2024-02-15,1,none
FB_CUST_00149_fd3eb46a,CUST_00149,2024-05-12,1,none
FB_CUST_00153_79dd69a4,CUST_00153,2023-07-17,1,none
FB_CUST_00156_34e9c861,CUST_00156,2023-03-07,1,none
FB_CUST_00161_02469dac,CUST_00161,2024-07-17,1,none
FB_CUST_00168_292547a5,CUST_00168,2023-12-12,1,none
FB_CUST_00172_7a09a08b,CUST_00172,2022-10-08,1,none
FB_CUST_00184_5a2655c0,CUST_00184,2022-09-10,1,none
FB_CUST_00186_759087d7,CUST_00186,2023-11-16,1,timing
FB_CUST_00189_6380593a,CUST_00189,2022-09-22,1,none
FB_CUST_00190_73310a88,CUST_00190,2024-04-08,1,none
FB_CUST_00194_ef4c6752,CUST_00194,2022-01-19,1,none
FB_CUST_00195_ac01134e,CUST_00195,2024-11-07,1,timing
FB_CUST_00201_bd91249d,CUST_00201,2024-10-29,1,none
FB_CUST_00207_e7f73822,CUST_00207,2025-06-23,1,none
FB_CUST_00208_85f9210f,CUST_00208,2022-11-08,1,frequency
FB_CUST_00214_cf508c1c,CUST_00214,2023-01-30,1,frequency
FB_CUST_00217_c4d5e2fc,CUST_00217,2025-11-02,1,timing
FB_CUST_00225_8d6ad52f,CUST_00225,2023-03-04,1,none
FB_CUST_00228_a36c833f,CUST_00228,2024-11-12,1,none
FB_CUST_00233_909ff070,CUST_00233,2023-10-21,1,timing
FB_CUST_00236_2c1c022e,CUST_00236,2022-08-26,1,timing
FB_CUST_00245_0c6962cf,CUST_00245,2023-09-16,1,timing
FB_CUST_00251_c0493cbd,CUST_00251,2024-07-15,1,timing
FB_CUST_00254_e1d7c93a,CUST_00254,2023-03-23,1,timing
FB_CUST_00263_210dc277,CUST_00263,2025-03-26,1,frequency
FB_CUST_00264_471a71af,CUST_00264,2025-07-29,1,none
FB_CUST_00269_fe4e7a05,CUST_00269,2025-07-13,1,none
FB_CUST_00272_4d82334a,CUST_00272,2022-01-10,2,timing
FB_CUST_00273_cc533593,CUST_00273,2024-07-15,1,none
FB_CUST_00274_490c066a,CUST_00274,2025-12-11,1,none
FB_CUST_00282_a1531ef2,CUST_00282,2023-11-17,1,frequency
FB_CUST_00291_63aab87d,CUST_00291,2025-07-15,1,timing
FB_CUST_00296_c33de1bb,CUST_00296,2025-12-21,1,clarity
FB_CUST_00298_0b4a1c67,CUST_00298,2023-03-05,1,none
FB_CUST_00302_38fdc557,CUST_00302,2024-04-26,1,none
FB_CUST_00305_882f3ce0,CUST_00305,2025-09-26,1,clarity
FB_CUST_00306_e4200d81,CUST_00306,2025-11-02,1,none
FB_CUST_00308_abefc8f4,CUST_00308,2023-01-22,1,none
FB_CUST_00310_2401a304,CUST_00310,2025-03-01,1,frequency
FB_CUST_00311_7038e5af,CUST_00311,2024-04-24,1,none
FB_CUST_00318_6304de92,CUST_00318,2023-01-03,1,none
FB_CUST_00323_bd148f99,CUST_00323,2023-04-04,1,none
FB_CUST_00324_1f2c189a,CUST_00324,2022-12-31,1,none
FB_CUST_00326_501a56ab,CUST_00326,2023-02-05,1,none
FB_CUST_00332_82bbe5b9,CUST_00332,2024-11-22,1,clarity
FB_CUST_00334_ff751ac9,CUST_00334,2022-02-20,1,timing
FB_CUST_00335_a01aecb4,CUST_00335,2025-03-08,1,timing
FB_CUST_00336_0f729eba,CUST_00336,2022-12-13,1,timing
FB_CUST_00339_12e2691c,CUST_00339,2024-03-30,1,none
FB_CUST_00341_6758ce51,CUST_00341,2024-10-20,1,none
FB_CUST_00348_dad71693,CUST_00348,2024-10-05,1,timing
FB_CUST_00350_26be411d,CUST_00350,2024-03-08,1,frequency
FB_CUST_00352_1ac740e4,CUST_00352,2023-06-15,1,none
FB_CUST_00364_f5d3eb0f,CUST_00364,2022-06-08,1,none
FB_CUST_00368_0c501648,CUST_00368,2024-12-04,1,none
FB_CUST_00377_f2f9e849,CUST_00377,2025-09-30,1,none
FB_CUST_00383_da9d8296,CUST_00383,2024-10-09,1,none
FB_CUST_00386_0d4e63c7,CUST_00386,2025-03-07,1,frequency
FB_CUST_00388_e77a99ec,CUST_00388,2022-10-10,1,frequency
FB_CUST_00390_1f45d08d,CUST_00390,2025-10-08,1,clarity
FB_CUST_00391_57b86f71,CUST_00391,2023-01-15,1,none
FB_CUST_00393_2bfe69f6,CUST_00393,2022-01-22,1,timing
FB_CUST_00399_eabba85a,CUST_00399,2022-07-27,1,timing
FB_CUST_00401_bf6daf46,CUST_00401,2022-09-28,1,none
FB_CUST_00407_047a65c8,CUST_00407,2022-08-13,1,none
FB_CUST_00409_a18bf6b4,CUST_00409,2025-06-07,1,timing
FB_CUST_00411_79edd68a,CUST_00411,2023-03-17,1,none
FB_CUST_00419_cec66ff2,CUST_00419,2025-03-10,1,none
FB_CUST_00420_9b734b87,CUST_00420,2025-02-18,1,none
FB_CUST_00422_7af6b934,CUST_00422,2023-06-01,1,none
FB_CUST_00424_33c29e14,CUST_00424,2022-01-27,1,none
FB_CUST_00425_a6080aae,CUST_00425,2025-02-06,1,frequency
FB_CUST_00429_ce0c6bdb,CUST_00429,2025-08-14,1,timing
FB_CUST_00430_17fca454,CUST_00430,2024-12-08,1,none
FB_CUST_00434_0292d331,CUST_00434,2023-04-19,1,clarity
FB_CUST_00435_2b8956c7,CUST_00435,2023-06-14,1,frequency
FB_CUST_00442_1032935a,CUST_00442,2025-04-01,1,frequency
FB_CUST_00445_2d7fede8,CUST_00445,2022-01-07,1,none
FB_CUST_00447_694f8e29,CUST_00447,2024-02-04,1,none
FB_CUST_00448_85e582e2,CUST_00448,2024-08-16,1,none
FB_CUST_00449_4c532ef4,CUST_00449,2022-03-20,1,none
FB_CUST_00457_b069e666,CUST_00457,2024-02-08,1,none
FB_CUST_00465_ff5e3a2e,CUST_00465,2022-03-17,1,none
FB_CUST_00468_33890d07,CUST_00468,2023-10-26,1,timing
FB_CUST_00478_45f11313,CUST_00478,2024-09-28,1,timing
FB_CUST_00482_12fca631,CUST_00482,2022-01-29,1,none
FB_CUST_00484_7f9c7b2a,CUST_00484,2025-03-15,1,none
FB_CUST_00485_86ba5df4,CUST_00485,2022-12-24,1,timing
FB_CUST_00491_44044280,CUST_00491,2025-08-13,1,none
FB_CUST_00495_5fcaf218,CUST_00495,2023-02-09,1,timing
FB_CUST_00506_b7e21f6f,CUST_00506,2023-12-31,1,none
FB_CUST_00507_436a071a,CUST_00507,2024-01-12,1,timing
FB_CUST_00516_aad535ec,CUST_00516,2025-10-12,1,timing
FB_CUST_00523_81bc4450,CUST_00523,2023-11-03,1,timing
FB_CUST_00524_080a6bbb,CUST_00524,2022-07-18,1,frequency
FB_CUST_00527_a4cf9c65,CUST_00527,2025-03-17,1,timing
FB_CUST_00528_b85a1b96,CUST_00528,2023-12-30,1,frequency
FB_CUST_00529_697632ae,CUST_00529,2023-08-04,1,frequency
FB_CUST_00530_82707387,CUST_00530,2023-04-24,1,none
FB_CUST_00531_347fe903,CUST_00531,2022-06-17,1,frequency
FB_CUST_00535_f3eb8a83,CUST_00535,2023-02-21,1,frequency
FB_CUST_00536_8fc1aa48,CUST_00536,2025-07-31,1,timing
FB_CUST_00541_9e324c36,CUST_00541,2023-08-10,1,frequency
FB_CUST_00548_558f4808,CUST_00548,2022-04-09,1,clarity
FB_CUST_00552_cd47f282,CUST_00552,2024-02-28,1,none
FB_CUST_00554_34f29e22,CUST_00554,2024-12-30,1,none
FB_CUST_00566_19132016,CUST_00566,2022-02-03,1,frequency
FB_CUST_00568_ef557246,CUST_00568,2023-08-13,1,frequency
FB_CUST_00572_3e800bfd,CUST_00572,2023-07-28,1,timing
FB_CUST_00577_64d88bc1,CUST_00577,2022-04-28,1,none
FB_CUST_00578_29fa12ff,CUST_00578,2024-02-24,1,timing
FB_CUST_00581_80852db4,CUST_00581,2023-08-21,1,frequency
FB_CUST_00583_e50bd208,CUST_00583,2023-09-05,1,none
FB_CUST_00585_1f9686cd,CUST_00585,2022-10-19,1,none
FB_CUST_00589_83e9a29d,CUST_00589,2024-05-19,1,frequency
FB_CUST_00590_821fd3b7,CUST_00590,2022-10-12,1,none
FB_CUST_00591_fc978123,CUST_00591,2025-03-10,1,timing
FB_CUST_00598_1bb84866,CUST_00598,2022-06-24,1,none
FB_CUST_00610_2318d2f7,CUST_00610,2022-07-16,1,none
FB_CUST_00611_9ad18fa5,CUST_00611,2025-07-16,1,none
FB_CUST_00613_40d0d7bf,CUST_00613,2025-04-10,1,timing
FB_CUST_00618_c6b15cd1,CUST_00618,2024-06-04,1,none
FB_CUST_00624_e5e60df4,CUST_00624,2025-02-22,1,timing
FB_CUST_00627_c41d46be,CUST_00627,2024-02-29,1,frequency
FB_CUST_00629_92bc5525,CUST_00629,2024-09-01,1,none
FB_CUST_00634_1b8a4375,CUST_00634,2025-03-03,2,timing
FB_CUST_00641_394807f0,CUST_00641,2025-08-03,1,frequency
FB_CUST_00642_f0caaed1,CUST_00642,2022-11-27,1,timing
FB_CUST_00644_f332c38e,CUST_00644,2024-01-20,1,timing
FB_CUST_00646_0c0ad52d,CUST_00646,2022-11-11,1,none
FB_CUST_00648_a490c2aa,CUST_00648,2025-06-25,1,none
FB_CUST_00654_1793811f,CUST_00654,2024-02-02,1,timing
FB_CUST_00656_aaa2ad02,CUST_00656,2025-02-19,1,none
FB_CUST_00657_27c1b9b4,CUST_00657,2024-06-26,1,timing
FB_CUST_00658_be8bdbcf,CUST_00658,2023-04-10,1,none
FB_CUST_00660_14b86de8,CUST_00660,2025-03-06,1,timing
FB_CUST_00661_44a083af,CUST_00661,2022-04-26,1,frequency
FB_CUST_00667_3ec82b7d,CUST_00667,2023-03-06,1,none
FB_CUST_00683_c631d7ca,CUST_00683,2025-11-24,1,timing
FB_CUST_00687_71431c5f,CUST_00687,2025-07-17,1,none
FB_CUST_00691_082fe0be,CUST_00691,2024-12-24,1,timing
FB_CUST_00693_1f7df67c,CUST_00693,2024-07-17,1,timing
FB_CUST_00695_09c60c67,CUST_00695,2024-12-08,1,none
FB_CUST_00702_bf6d270e,CUST_00702,2022-01-23,1,timing
FB_CUST_00706_b2577961,CUST_00706,2024-05-18,1,none
FB_CUST_00707_ed46c89d,CUST_00707,2024-05-28,1,none
FB_CUST_00713_80d260d2,CUST_00713,2022-10-19,1,none
FB_CUST_00716_008f26e7,CUST_00716,2022-02-12,1,none
FB_CUST_00723_661c6764,CUST_00723,2024-05-13,1,none
FB_CUST_00726_5f193c54,CUST_00726,2022-12-23,1,none
FB_CUST_00730_0c8ecd1f,CUST_00730,2022-04-18,1,timing
FB_CUST_00734_1b98ed99,CUST_00734,2024-03-06,1,none
FB_CUST_00744_4869a97c,CUST_00744,2022-04-02,1,none
FB_CUST_00750_b383b7f2,CUST_00750,2023-04-11,1,none
FB_CUST_00751_6460946e,CUST_00751,2022-06-25,1,none
FB_CUST_00756_712919a0,CUST_00756,2025-08-23,1,timing
FB_CUST_00760_eff49694,CUST_00760,2022-02-03,1,timing
FB_CUST_00767_285591c0,CUST_00767,2022-11-22,1,clarity
FB_CUST_00768_27b4e539,CUST_00768,2023-03-19,1,frequency
FB_CUST_00771_486e80a0,CUST_00771,2025-01-25,1,none
FB_CUST_00773_bdc04aeb,CUST_00773,2022-02-18,1,none
FB_CUST_00777_ac99d7ee,CUST_00777,2025-09-16,1,none
FB_CUST_00786_f0c2394d,CUST_00786,2022-01-24,1,clarity
FB_CUST_00793_0dc631de,CUST_00793,2022-05-03,1,none
FB_CUST_00796_26e876de,CUST_00796,2022-03-12,1,none
FB_CUST_00805_cac60495,CUST_00805,2022-11-11,1,timing
FB_CUST_00806_ec770619,CUST_00806,2024-10-05,1,timing
FB_CUST_00807_482aa5e0,CUST_00807,2022-09-12,1,timing
FB_CUST_00809_1fe0595b,CUST_00809,2025-01-20,1,timing
FB_CUST_00810_0233dd53,CUST_00810,2023-08-26,1,none
FB_CUST_00814_5af7923e,CUST_00814,2023-12-10,1,none
FB_CUST_00816_faff970c,CUST_00816,2024-09-14,1,timing
FB_CUST_00819_0a29e16d,CUST_00819,2024-02-11,1,timing
FB_CUST_00822_08d1b992,CUST_00822,2023-11-26,1,none
FB_CUST_00827_8fbd8789,CUST_00827,2023-07-11,1,frequency
FB_CUST_00830_a2e6a0ff,CUST_00830,2023-08-23,1,timing
FB_CUST_00834_989d3bb6,CUST_00834,2023-11-14,1,timing
FB_CUST_00837_0f402b94,CUST_00837,2025-05-24,1,frequency
FB_CUST_00838_20cefd33,CUST_00838,2024-10-03,1,timing
FB_CUST_00840_699ddf92,CUST_00840,2022-07-19,1,timing
FB_CUST_00842_7b5411d7,CUST_00842,2022-06-18,1,frequency
FB_CUST_00843_f0b5dc58,CUST_00843,2024-07-13,1,frequency
FB_CUST_00844_068bb42f,CUST_00844,2025-03-29,1,none
FB_CUST_00845_b1844d78,CUST_00845,2025-04-21,1,timing
FB_CUST_00853_611446c6,CUST_00853,2024-05-14,1,timing
FB_CUST_00863_b0f3fcc9,CUST_00863,2023-01-08,1,clarity
FB_CUST_00874_b533e58c,CUST_00874,2022-04-14,1,none
FB_CUST_00880_8e9a9099,CUST_00880,2025-01-28,1,frequency
FB_CUST_00885_ad8c247d,CUST_00885,2023-03-16,1,none
FB_CUST_00891_92b95c08,CUST_00891,2024-01-17,1,timing
FB_CUST_00893_ef33f53a,CUST_00893,2024-10-06,1,none
FB_CUST_00895_83451b23,CUST_00895,2023-02-20,1,timing
FB_CUST_00901_b18c99ee,CUST_00901,2025-05-29,1,timing
FB_CUST_00905_607b54cb,CUST_00905,2025-11-10,1,frequency
FB_CUST_00907_025f7763,CUST_00907,2024-06-01,1,timing
FB_CUST_00908_b174f5e3,CUST_00908,2023-09-17,1,timing
FB_CUST_00909_e43e7f14,CUST_00909,2023-04-04,1,timing
FB_CUST_00912_63ce7d03,CUST_00912,2024-11-02,1,none
FB_CUST_00913_cd2773a0,CUST_00913,2023-04-21,1,frequency
FB_CUST_00915_ed6d6c82,CUST_00915,2025-10-25,1,none
FB_CUST_00916_661e3851,CUST_00916,2022-07-04,1,none
FB_CUST_00921_4b4991a3,CUST_00921,2025-12-04,1,none
FB_CUST_00938_16b5edb0,CUST_00938,2024-01-06,1,timing
FB_CUST_00940_b869d7cc,CUST_00940,2024-08-15,1,frequency
FB_CUST_00943_24415b1e,CUST_00943,2024-12-06,1,frequency
FB_CUST_00944_4045331a,CUST_00944,2022-03-31,1,timing
FB_CUST_00962_91eedb67,CUST_00962,2023-08-08,1,timing
FB_CUST_00965_576346e2,CUST_00965,2022-09-12,1,none
FB_CUST_00972_4fc9a23f,CUST_00972,2023-08-15,1,frequency
FB_CUST_00973_f3506b90,CUST_00973,2025-06-05,1,none
FB_CUST_00977_6145432d,CUST_00977,2022-12-27,1,frequency
FB_CUST_00982_1ffffc53,CUST_00982,2022-12-21,1,none
FB_CUST_01000_d8205ac1,CUST_01000,2025-12-27,1,timing
FB_CUST_01002_c66ab0a3,CUST_01002,2023-01-17,1,frequency
FB_CUST_01004_f59df943,CUST_01004,2022-03-05,1,frequency
FB_CUST_01009_413fbf48,CUST_01009,2022-10-25,1,timing
FB_CUST_01012_42f3b4d3,CUST_01012,2023-04-04,1,timing
FB_CUST_01013_f2dcfef8,CUST_01013,2025-02-11,1,none
FB_CUST_01018_940431e5,CUST_01018,2022-03-28,1,timing
FB_CUST_01019_f7d19578,CUST_01019,2024-02-03,1,none
FB_CUST_01024_1654451d,CUST_01024,2024-12-13,1,timing
FB_CUST_01027_8bd1ac45,CUST_01027,2024-01-26,1,timing
FB_CUST_01031_a12ae35b,CUST_01031,2024-05-27,1,clarity
FB_CUST_01032_ab788691,CUST_01032,2025-03-28,1,none
FB_CUST_01036_9f31b775,CUST_01036,2023-10-02,1,frequency
FB_CUST_01039_49dd6de2,CUST_01039,2024-02-09,1,clarity
FB_CUST_01042_69c183c7,CUST_01042,2025-03-19,1,none
FB_CUST_01043_5ad890ad,CUST_01043,2024-09-09,1,none
FB_CUST_01051_f7cafdab,CUST_01051,2024-09-07,1,none
FB_CUST_01062_627fc52c,CUST_01062,2025-03-09,1,clarity
FB_CUST_01063_1b126f36,CUST_01063,2022-05-17,1,none
FB_CUST_01066_30f1b580,CUST_01066,2025-05-10,1,none
FB_CUST_01078_c802d478,CUST_01078,2025-06-30,1,frequency
FB_CUST_01079_d0cb1f65,CUST_01079,2022-06-30,1,timing
FB_CUST_01081_b4c090ed,CUST_01081,2025-02-20,1,timing
FB_CUST_01086_b66c7056,CUST_01086,2023-04-25,1,timing
FB_CUST_01087_c0dee611,CUST_01087,2022-10-10,1,none
FB_CUST_01089_f656db2a,CUST_01089,2023-01-23,1,timing
FB_CUST_01090_71438769,CUST_01090,2024-02-13,1,frequency
FB_CUST_01092_1fb6a2a0,CUST_01092,2025-12-31,1,frequency
FB_CUST_01096_41e5fa98,CUST_01096,2023-05-06,1,frequency
FB_CUST_01097_2d6757d4,CUST_01097,2024-05-09,1,none
FB_CUST_01098_f0a147e6,CUST_01098,2024-02-01,1,frequency
FB_CUST_01099_27155fa4,CUST_01099,2023-12-18,1,none
FB_CUST_01100_442ce5bb,CUST_01100,2023-10-16,1,frequency
FB_CUST_01104_e367ddda,CUST_01104,2024-01-01,1,clarity
FB_CUST_01110_35c60274,CUST_01110,2022-01-04,1,timing
FB_CUST_01111_80203f3e,CUST_01111,2024-09-26,1,none
FB_CUST_01114_7a5b0528,CUST_01114,2022-12-11,1,frequency
FB_CUST_01119_99efc1aa,CUST_01119,2024-06-05,1,none
FB_CUST_01123_6a7358bc,CUST_01123,2025-12-25,1,none
FB_CUST_01125_0faafe3b,CUST_01125,2023-08-13,1,none
FB_CUST_01137_d5c18420,CUST_01137,2023-03-14,1,timing
FB_CUST_01140_62e7a421,CUST_01140,2023-01-27,1,none
FB_CUST_01141_f3effcf6,CUST_01141,2024-08-01,1,none
FB_CUST_01142_5c9a59f3,CUST_01142,2025-04-16,1,timing
FB_CUST_01146_ff20e8a0,CUST_01146,2025-08-18,1,timing
FB_CUST_01147_53c655e8,CUST_01147,2022-07-13,1,frequency
FB_CUST_01154_d7e99c30,CUST_01154,2023-07-09,1,frequency
FB_CUST_01159_49046486,CUST_01159,2023-12-28,1,none
FB_CUST_01168_35e79c94,CUST_01168,2022-11-27,1,frequency
FB_CUST_01169_16e91227,CUST_01169,2022-09-23,1,none
FB_CUST_01171_0c57db3c,CUST_01171,2025-01-31,1,none
FB_CUST_01175_4308d8a6,CUST_01175,2022-06-26,1,timing
FB_CUST_01176_496b745f,CUST_01176,2024-04-18,1,frequency
FB_CUST_01178_d74a9938,CUST_01178,2023-02-03,1,timing
FB_CUST_01183_92ba6014,CUST_01183,2022-10-01,1,none
FB_CUST_01188_b4ba6333,CUST_01188,2022-12-23,1,timing
FB_CUST_01202_d5f9ebc0,CUST_01202,2025-03-10,2,none
FB_CUST_01205_185738ac,CUST_01205,2024-09-02,1,timing
FB_CUST_01207_8fcdcb8d,CUST_01207,2024-12-20,1,none
FB_CUST_01209_312dbe72,CUST_01209,2024-09-25,1,timing
FB_CUST_01212_d8ce497a,CUST_01212,2023-03-20,1,clarity
FB_CUST_01217_ff7f138b,CUST_01217,2022-02-24,1,none
FB_CUST_01219_9c255112,CUST_01219,2022-05-14,1,timing
FB_CUST_01223_c1afc21b,CUST_01223,2023-11-24,1,clarity
FB_CUST_01233_d698a9ca,CUST_01233,2023-01-01,1,timing
FB_CUST_01239_5efd7dfd,CUST_01239,2025-10-25,1,none
FB_CUST_01242_cbfcdba4,CUST_01242,2025-05-19,1,none
FB_CUST_01244_8dffc7f4,CUST_01244,2023-03-22,1,timing
FB_CUST_01249_a2234743,CUST_01249,2022-12-26,1,clarity
FB_CUST_01252_a0917fc1,CUST_01252,2025-06-06,1,frequency
FB_CUST_01255_e5c932fd,CUST_01255,2022-07-15,1,none
FB_CUST_01258_cbf37829,CUST_01258,2022-06-12,1,frequency
FB_CUST_01271_2c549dc6,CUST_01271,2024-02-23,1,timing
FB_CUST_01275_a1a8587d,CUST_01275,2024-06-21,1,none
FB_CUST_01278_4d13d476,CUST_01278,2025-03-14,1,none
FB_CUST_01279_22e473e9,CUST_01279,2024-12-16,1,none
FB_CUST_01283_d49b4d76,CUST_01283,2022-06-03,1,frequency
FB_CUST_01285_f1474b95,CUST_01285,2025-05-16,1,none
FB_CUST_01288_c43a359f,CUST_01288,2024-11-16,1,none
FB_CUST_01291_3582f8f5,CUST_01291,2022-06-22,1,frequency
FB_CUST_01297_cb461a7e,CUST_01297,2024-04-01,1,timing
FB_CUST_01298_c66a8902,CUST_01298,2022-01-01,1,none
FB_CUST_01302_86639b68,CUST_01302,2024-02-01,1,none
FB_CUST_01304_c2c693b5,CUST_01304,2024-07-06,1,timing
FB_CUST_01315_0fc7236f,CUST_01315,2023-02-04,1,timing
FB_CUST_01320_6d68c5d6,CUST_01320,2023-03-07,1,timing
FB_CUST_01321_b0d8d55d,CUST_01321,2023-01-21,1,timing
FB_CUST_01322_d4feb886,CUST_01322,2023-05-03,1,frequency
FB_CUST_01323_c76b3c64,CUST_01323,2025-12-15,1,none
FB_CUST_01324_b1d8b788,CUST_01324,2024-06-08,1,none
FB_CUST_01327_a6ee6826,CUST_01327,2022-02-11,1,timing
FB_CUST_01328_0ebcde56,CUST_01328,2024-10-04,1,frequency
FB_CUST_01332_7a3b7736,CUST_01332,2024-09-01,1,frequency
FB_CUST_01333_4c49dd0c,CUST_01333,2024-10-01,1,none
FB_CUST_01338_90b15c5a,CUST_01338,2025-12-04,1,none
FB_CUST_01340_3c51b234,CUST_01340,2024-11-13,1,timing
FB_CUST_01342_d89c8048,CUST_01342,2023-03-26,1,none
FB_CUST_01345_29a0578d,CUST_01345,2025-03-22,1,timing
FB_CUST_01346_7c1f69da,CUST_01346,2024-12-05,1,none
FB_CUST_01349_f804f3d6,CUST_01349,2025-06-10,1,none
FB_CUST_01355_b543cfd1,CUST_01355,2024-02-07,1,timing
FB_CUST_01358_25201345,CUST_01358,2023-10-26,1,none
FB_CUST_01368_706724e3,CUST_01368,2023-09-22,1,none
FB_CUST_01369_94486ffb,CUST_01369,2022-12-11,1,none
FB_CUST_01371_b0fb5ec5,CUST_01371,2025-04-18,1,timing
FB_CUST_01372_dc3551fa,CUST_01372,2025-02-24,1,none
FB_CUST_01375_34a32033,CUST_01375,2022-09-08,1,none
FB_CUST_01376_86b86b89,CUST_01376,2025-02-23,1,none
FB_CUST_01379_33c51968,CUST_01379,2024-10-10,1,none
FB_CUST_01388_30e8b66c,CUST_01388,2024-08-08,1,none
FB_CUST_01393_54d05440,CUST_01393,2022-06-07,1,clarity
FB_CUST_01394_9429ad23,CUST_01394,2022-05-15,1,none
FB_CUST_01400_3c8e7b24,CUST_01400,2025-12-17,1,none
FB_CUST_01405_41c4c592,CUST_01405,2022-11-21,1,none
FB_CUST_01415_957f15bb,CUST_01415,2025-01-12,1,timing
FB_CUST_01422_1dea99cf,CUST_01422,2023-12-24,1,none
FB_CUST_01426_f7a77a5f,CUST_01426,2024-03-03,1,none
FB_CUST_01430_0fd07fa6,CUST_01430,2022-08-25,1,frequency
FB_CUST_01435_d68fa334,CUST_01435,2023-09-07,1,frequency
FB_CUST_01436_3d14eea1,CUST_01436,2024-03-11,1,frequency
FB_CUST_01439_4d52e6b7,CUST_01439,2022-07-07,1,timing
FB_CUST_01442_8c7e2fcc,CUST_01442,2023-01-28,1,none
FB_CUST_01443_8dd0ada4,CUST_01443,2024-05-17,1,none
FB_CUST_01449_6dd7c140,CUST_01449,2023-01-19,1,none
FB_CUST_01461_f8df7289,CUST_01461,2022-12-02,2,frequency
FB_CUST_01469_2a93f624,CUST_01469,2023-06-06,1,none
FB_CUST_01473_b861fa5a,CUST_01473,2022-12-21,1,timing
FB_CUST_01476_0ac04bb1,CUST_01476,2024-07-10,1,timing
FB_CUST_01481_49efdb36,CUST_01481,2023-07-25,1,none
FB_CUST_01482_3d723b46,CUST_01482,2024-08-09,1,none
FB_CUST_01485_e1cacf1e,CUST_01485,2025-10-01,1,timing
FB_CUST_01486_4dbed165,CUST_01486,2023-04-14,1,frequency
FB_CUST_01488_a19f8aef,CUST_01488,2025-04-07,1,none
FB_CUST_01498_e6d13146,CUST_01498,2023-08-15,1,timing
FB_CUST_01504_e7ebe62d,CUST_01504,2023-09-04,1,none
FB_CUST_01506_a42c75c3,CUST_01506,2025-07-30,1,none
FB_CUST_01512_430de518,CUST_01512,2024-12-25,1,frequency
FB_CUST_01514_6b7c101e,CUST_01514,2022-11-15,1,none
FB_CUST_01516_6cae7d53,CUST_01516,2023-03-16,1,timing
FB_CUST_01517_7d3189f9,CUST_01517,2025-04-24,1,frequency
FB_CUST_01520_38834798,CUST_01520,2025-06-02,1,timing
FB_CUST_01522_3927aaa0,CUST_01522,2024-09-23,1,timing
FB_CUST_01528_c857bfa8,CUST_01528,2023-01-07,1,clarity
FB_CUST_01529_ff95c4ce,CUST_01529,2022-11-09,1,timing
FB_CUST_01533_c37859c4,CUST_01533,2023-07-29,1,none
FB_CUST_01536_4806ca96,CUST_01536,2022-02-19,1,none
FB_CUST_01538_180d7bff,CUST_01538,2022-09-17,1,clarity
FB_CUST_01540_6c453f13,CUST_01540,2025-09-24,1,none
FB_CUST_01541_abe66ef0,CUST_01541,2024-11-24,1,none
FB_CUST_01543_823334e8,CUST_01543,2023-12-09,1,clarity
FB_CUST_01551_96986d12,CUST_01551,2022-06-24,1,frequency
FB_CUST_01556_3435e6f0,CUST_01556,2022-07-06,1,none
FB_CUST_01557_91b54b7c,CUST_01557,2023-04-05,1,none
FB_CUST_01561_ae39aaaa,CUST_01561,2024-04-29,1,timing
FB_CUST_01563_921abddd,CUST_01563,2023-05-21,1,frequency
FB_CUST_01568_472af9d3,CUST_01568,2022-06-30,1,none
FB_CUST_01572_e60c3bdc,CUST_01572,2022-11-10,1,frequency
FB_CUST_01574_9b942361,CUST_01574,2025-11-30,1,none
FB_CUST_01575_32d40938,CUST_01575,2025-08-30,1,timing
FB_CUST_01576_48ced5f7,CUST_01576,2025-10-12,1,clarity
FB_CUST_01587_ccd14fe2,CUST_01587,2022-03-05,1,none
FB_CUST_01589_32a4d9bd,CUST_01589,2022-04-25,1,frequency
FB_CUST_01592_99b933a3,CUST_01592,2022-07-14,1,none
FB_CUST_01594_4a6ac1a4,CUST_01594,2023-04-27,1,none
FB_CUST_01600_13a53a03,CUST_01600,2025-10-10,1,none
FB_CUST_01602_c3c1fb05,CUST_01602,2024-06-18,1,timing
FB_CUST_01607_53e386f1,CUST_01607,2025-11-18,1,none
FB_CUST_01608_5579aba3,CUST_01608,2023-02-21,1,frequency
FB_CUST_01619_69a33fa9,CUST_01619,2025-02-28,2,none
FB_CUST_01630_db8f1044,CUST_01630,2023-06-07,1,none
FB_CUST_01632_2467970e,CUST_01632,2025-07-10,1,none
FB_CUST_01634_6c3f8427,CUST_01634,2023-05-19,1,timing
FB_CUST_01642_6a85a2c2,CUST_01642,2024-07-04,1,clarity
FB_CUST_01646_5b1ffe12,CUST_01646,2024-02-17,1,timing
FB_CUST_01647_24d583a6,CUST_01647,2023-06-27,1,timing
FB_CUST_01648_3ece51c6,CUST_01648,2025-01-29,1,none
FB_CUST_01650_74bdfc50,CUST_01650,2022-05-27,1,none
FB_CUST_01652_b735d427,CUST_01652,2024-11-27,1,clarity
FB_CUST_01653_5b4eb465,CUST_01653,2024-03-18,1,timing
FB_CUST_01655_358d99eb,CUST_01655,2023-12-09,1,none
FB_CUST_01659_2c49b205,CUST_01659,2024-12-08,1,timing
FB_CUST_01663_0afceb72,CUST_01663,2022-02-22,1,none
FB_CUST_01664_0bde5567,CUST_01664,2025-06-20,1,timing
FB_CUST_01665_baee0bda,CUST_01665,2024-09-10,1,timing
FB_CUST_01669_b9d6d5d8,CUST_01669,2025-12-03,1,none
FB_CUST_01682_8f534420,CUST_01682,2023-05-03,1,none
FB_CUST_01689_06c88277,CUST_01689,2024-01-02,1,none
FB_CUST_01698_93cd7bcb,CUST_01698,2022-10-15,1,timing
FB_CUST_01713_4518caf2,CUST_01713,2024-06-22,1,frequency
FB_CUST_01715_2550d2d7,CUST_01715,2024-12-14,1,frequency
FB_CUST_01731_aa8017f6,CUST_01731,2022-04-22,1,timing
FB_CUST_01733_00b673c3,CUST_01733,2025-03-29,1,timing
FB_CUST_01734_6fc94caf,CUST_01734,2024-12-02,1,frequency
FB_CUST_01735_052bb6ec,CUST_01735,2022-09-02,1,none
FB_CUST_01736_0a2c656b,CUST_01736,2022-12-24,1,none
FB_CUST_01737_a8b2b6b4,CUST_01737,2024-08-19,1,none
FB_CUST_01739_287e90b0,CUST_01739,2025-10-30,1,frequency
FB_CUST_01741_022a455d,CUST_01741,2022-02-07,1,timing
FB_CUST_01747_c2fb9d6c,CUST_01747,2023-06-25,1,frequency
FB_CUST_01752_31e07fe8,CUST_01752,2023-12-01,1,none
FB_CUST_01760_a350ec62,CUST_01760,2024-04-03,1,timing
FB_CUST_01763_a7b1ab8d,CUST_01763,2022-10-27,1,none
FB_CUST_01767_58507b50,CUST_01767,2024-07-24,1,none
FB_CUST_01768_f06f374d,CUST_01768,2025-04-19,1,clarity
FB_CUST_01785_ea0b5347,CUST_01785,2024-03-20,1,none
FB_CUST_01790_a03829cf,CUST_01790,2025-11-27,1,none
FB_CUST_01799_f36c2ad9,CUST_01799,2023-12-07,1,timing
FB_CUST_01800_96abbc74,CUST_01800,2023-02-13,1,frequency
FB_CUST_01805_a8c69797,CUST_01805,2025-12-22,1,frequency
FB_CUST_01814_4e86035f,CUST_01814,2024-10-12,1,none
FB_CUST_01817_dbfc5eee,CUST_01817,2022-06-12,1,frequency
FB_CUST_01821_bb32bb4e,CUST_01821,2022-11-05,1,clarity
FB_CUST_01822_e80a4a53,CUST_01822,2022-12-05,1,none
FB_CUST_01826_2a084d74,CUST_01826,2024-03-25,1,none
FB_CUST_01828_a5f18b90,CUST_01828,2023-05-08,1,timing
FB_CUST_01830_076826bb,CUST_01830,2024-10-25,1,none
FB_CUST_01834_43c796f3,CUST_01834,2025-11-28,1,timing
FB_CUST_01838_7cd32cb4,CUST_01838,2025-10-13,1,none
FB_CUST_01843_a747dc0a,CUST_01843,2024-03-07,1,none
FB_CUST_01849_119f33cb,CUST_01849,2025-05-19,1,none
FB_CUST_01853_a793d57d,CUST_01853,2025-06-10,1,timing
FB_CUST_01854_e9b39bbe,CUST_01854,2022-02-14,1,frequency
FB_CUST_01859_0b66af26,CUST_01859,2022-05-10,1,none
FB_CUST_01862_42c8886d,CUST_01862,2025-06-12,1,none
FB_CUST_01866_56bac4d7,CUST_01866,2025-07-16,1,none
FB_CUST_01874_a84cb313,CUST_01874,2023-08-22,1,frequency
FB_CUST_01876_ff173d4c,CUST_01876,2022-10-13,1,timing
FB_CUST_01880_b5c848a5,CUST_01880,2023-11-12,1,none
FB_CUST_01881_5ab5c8e2,CUST_01881,2022-10-29,1,frequency
FB_CUST_01893_334fd3b9,CUST_01893,2023-10-10,1,frequency
FB_CUST_01894_d8f2eb32,CUST_01894,2023-07-25,2,none
FB_CUST_01897_8ab75c29,CUST_01897,2023-06-03,1,none
FB_CUST_01899_39156d88,CUST_01899,2024-07-02,1,none
FB_CUST_01901_052cbb50,CUST_01901,2023-07-18,1,timing
FB_CUST_01904_54c85faf,CUST_01904,2024-06-15,1,none
FB_CUST_01905_c5f87c47,CUST_01905,2025-04-01,1,none
FB_CUST_01911_b8cc9302,CUST_01911,2022-11-29,1,none
FB_CUST_01920_4f2f0264,CUST_01920,2025-05-15,1,timing
FB_CUST_01926_fc763d21,CUST_01926,2023-08-16,1,none
FB_CUST_01933_4369d937,CUST_01933,2024-06-18,1,timing
FB_CUST_01934_dc4dfdef,CUST_01934,2025-05-07,1,frequency
FB_CUST_01935_2939194b,CUST_01935,2025-04-12,1,frequency
FB_CUST_01936_a896ba5c,CUST_01936,2025-12-10,1,none
FB_CUST_01940_14ea1993,CUST_01940,2022-12-09,1,none
FB_CUST_01942_1de388e6,CUST_01942,2023-04-22,1,none
FB_CUST_01943_ec536b9b,CUST_01943,2022-03-18,1,timing
FB_CUST_01945_8dfea558,CUST_01945,2025-10-19,1,none
FB_CUST_01950_9d4f4ca8,CUST_01950,2025-02-04,1,frequency
FB_CUST_01957_099f6f45,CUST_01957,2023-02-06,1,frequency
FB_CUST_01958_7ac69f61,CUST_01958,2023-01-05,1,timing
FB_CUST_01963_b3c2999b,CUST_01963,2025-09-09,1,none
FB_CUST_01972_085b73fc,CUST_01972,2024-06-28,1,none
FB_CUST_01973_c9781343,CUST_01973,2022-06-28,1,timing
FB_CUST_01976_54cf7e8c,CUST_01976,2023-03-06,1,timing
FB_CUST_01980_d4b0de87,CUST_01980,2022-06-05,1,none
FB_CUST_01984_44142290,CUST_01984,2025-05-09,1,none
FB_CUST_01987_a0dbd6d9,CUST_01987,2024-12-01,3,none
FB_CUST_02001_820033ab,CUST_02001,2022-10-20,1,none
FB_CUST_02006_6925f74d,CUST_02006,2022-05-04,1,timing
FB_CUST_02007_dfea08a8,CUST_02007,2025-09-01,1,none
FB_CUST_02008_e3468751,CUST_02008,2023-12-09,1,timing
FB_CUST_02009_19693967,CUST_02009,2025-01-08,1,timing
FB_CUST_02011_0f06afc4,CUST_02011,2023-06-29,1,frequency
FB_CUST_02012_0462388b,CUST_02012,2024-08-19,1,none
FB_CUST_02014_d5452abf,CUST_02014,2025-09-10,1,none
FB_CUST_02016_97fd2afd,CUST_02016,2023-10-18,1,none
FB_CUST_02018_0918aced,CUST_02018,2025-12-05,1,none
FB_CUST_02019_c7cd92c0,CUST_02019,2022-03-06,1,none
FB_CUST_02027_2003eb7f,CUST_02027,2024-09-17,1,timing
FB_CUST_02028_8969c22b,CUST_02028,2023-09-09,1,timing
FB_CUST_02030_82a37e69,CUST_02030,2025-04-04,1,none
FB_CUST_02031_becdba87,CUST_02031,2022-02-15,1,none
FB_CUST_02034_28b35afb,CUST_02034,2024-08-24,1,none
FB_CUST_02035_23873bdc,CUST_02035,2022-02-15,1,none
FB_CUST_02041_8e1c5ff3,CUST_02041,2023-02-22,1,none
FB_CUST_02044_a06531c7,CUST_02044,2025-02-18,1,clarity
FB_CUST_02045_069dfa6a,CUST_02045,2025-10-06,1,none
FB_CUST_02053_e27ceea8,CUST_02053,2022-02-04,1,timing
FB_CUST_02059_cc7437b4,CUST_02059,2024-05-13,1,timing
FB_CUST_02060_b2e3ab77,CUST_02060,2023-11-28,1,none
FB_CUST_02062_bc58b658,CUST_02062,2025-03-12,1,frequency
FB_CUST_02065_90860b4f,CUST_02065,2023-05-16,1,none
FB_CUST_02066_887d3d5b,CUST_02066,2023-01-01,1,timing
FB_CUST_02075_12a4fd7b,CUST_02075,2025-03-03,1,timing
FB_CUST_02077_5a8a74f5,CUST_02077,2025-09-08,1,frequency
FB_CUST_02082_a093cd4c,CUST_02082,2023-04-30,1,none
FB_CUST_02083_55bf13fe,CUST_02083,2022-07-19,1,none
FB_CUST_02085_92922096,CUST_02085,2023-05-10,1,none
FB_CUST_02087_06297d76,CUST_02087,2025-04-23,1,none
FB_CUST_02089_f8a8554a,CUST_02089,2024-02-09,1,none
FB_CUST_02094_192169d5,CUST_02094,2024-09-03,1,none
FB_CUST_02099_1668efa3,CUST_02099,2023-09-10,1,timing
FB_CUST_02100_536a3350,CUST_02100,2023-06-24,1,timing
FB_CUST_02104_5522fa26,CUST_02104,2023-02-28,1,none
FB_CUST_02106_b13b5f4b,CUST_02106,2024-11-15,1,none
FB_CUST_02114_d7c94bfe,CUST_02114,2024-07-01,1,none
FB_CUST_02115_342b198f,CUST_02115,2024-08-25,1,none
FB_CUST_02117_91c91c44,CUST_02117,2025-07-17,1,frequency
FB_CUST_02123_212b7b1d,CUST_02123,2023-01-10,1,none
FB_CUST_02124_f7921151,CUST_02124,2023-01-10,1,timing
FB_CUST_02125_2b2ef0c4,CUST_02125,2023-09-22,1,none
FB_CUST_02134_5c33d365,CUST_02134,2023-07-26,1,clarity
FB_CUST_02137_b9130662,CUST_02137,2025-05-13,1,timing
FB_CUST_02141_1bf7e00d,CUST_02141,2023-09-03,1,none
FB_CUST_02146_a296767e,CUST_02146,2025-05-01,1,clarity
FB_CUST_02157_c7bb23ea,CUST_02157,2024-10-18,1,frequency
FB_CUST_02162_83af5e6b,CUST_02162,2024-03-05,1,none
FB_CUST_02166_36db151e,CUST_02166,2023-10-29,1,timing
FB_CUST_02167_199cf88a,CUST_02167,2025-11-26,1,timing
FB_CUST_02168_4b9510c2,CUST_02168,2023-05-24,1,none
FB_CUST_02176_dd07fdf6,CUST_02176,2025-05-11,1,timing
FB_CUST_02180_64831f7e,CUST_02180,2024-02-01,1,none
FB_CUST_02181_52b2c78c,CUST_02181,2025-10-31,1,none
FB_CUST_02182_71c04df8,CUST_02182,2025-07-15,1,frequency
FB_CUST_02183_f3e46693,CUST_02183,2023-08-24,1,none
FB_CUST_02185_8c2d0d42,CUST_02185,2024-11-23,1,none
FB_CUST_02186_c0f0a356,CUST_02186,2022-10-17,1,none
FB_CUST_02195_b63075b5,CUST_02195,2023-06-22,1,none
FB_CUST_02196_d81b59d2,CUST_02196,2025-09-01,1,none
FB_CUST_02201_05ca54be,CUST_02201,2025-12-19,1,none
FB_CUST_02233_a4b21a28,CUST_02233,2023-12-13,1,none
FB_CUST_02240_210f07cf,CUST_02240,2025-01-28,1,none
FB_CUST_02244_b0d53964,CUST_02244,2024-06-20,1,timing
FB_CUST_02245_d382ad28,CUST_02245,2025-10-22,1,none
FB_CUST_02247_ae8e5f93,CUST_02247,2025-06-24,1,timing
FB_CUST_02251_c6ba76cc,CUST_02251,2022-09-07,1,timing
FB_CUST_02252_b3b8d616,CUST_02252,2022-11-23,1,timing
FB_CUST_02254_fed26e41,CUST_02254,2023-06-08,1,none
FB_CUST_02255_e4ac8cf6,CUST_02255,2025-07-28,1,timing
FB_CUST_02262_dba104fa,CUST_02262,2022-03-14,1,none
FB_CUST_02266_9adf3d37,CUST_02266,2024-05-28,1,clarity
FB_CUST_02267_3023f004,CUST_02267,2024-01-02,1,timing
FB_CUST_02268_f8045c6a,CUST_02268,2025-05-17,1,none
FB_CUST_02271_07456339,CUST_02271,2024-04-16,1,clarity
FB_CUST_02272_d68599e7,CUST_02272,2022-06-12,1,none
FB_CUST_02274_d3369530,CUST_02274,2024-07-22,1,none
FB_CUST_02278_475d8c48,CUST_02278,2023-03-20,1,none
FB_CUST_02285_e59b3634,CUST_02285,2024-12-14,1,none
FB_CUST_02287_8686876f,CUST_02287,2025-08-12,1,clarity
FB_CUST_02288_ec40c419,CUST_02288,2022-06-26,1,none
FB_CUST_02290_72a16630,CUST_02290,2024-03-17,1,none
FB_CUST_02291_08eacb25,CUST_02291,2022-06-18,1,none
FB_CUST_02292_dd01d6ab,CUST_02292,2023-02-20,1,none
FB_CUST_02298_3d597f76,CUST_02298,2023-11-26,1,none
FB_CUST_02305_c05533a4,CUST_02305,2022-10-06,1,none
FB_CUST_02313_39cdfffd,CUST_02313,2022-07-08,1,none
FB_CUST_02314_f911ecba,CUST_02314,2023-12-19,1,timing
FB_CUST_02316_5cd0815c,CUST_02316,2022-08-04,1,timing
FB_CUST_02318_815d4d85,CUST_02318,2025-03-16,1,none
FB_CUST_02323_6d740994,CUST_02323,2023-07-12,1,timing
FB_CUST_02326_f94b4af6,CUST_02326,2025-11-03,1,frequency
FB_CUST_02334_c171c911,CUST_02334,2022-09-02,1,timing
FB_CUST_02335_f33005c4,CUST_02335,2023-08-06,1,none
FB_CUST_02338_121ed295,CUST_02338,2023-12-14,1,timing
FB_CUST_02341_2d080207,CUST_02341,2025-04-21,1,timing
FB_CUST_02343_f3340906,CUST_02343,2025-05-13,1,frequency
FB_CUST_02348_0bfbb454,CUST_02348,2024-09-01,1,none
FB_CUST_02351_8ee2bd36,CUST_02351,2022-11-26,2,none
FB_CUST_02354_db31ac1b,CUST_02354,2025-11-28,1,none
FB_CUST_02355_a34f5978,CUST_02355,2025-09-29,1,timing
FB_CUST_02360_2678af74,CUST_02360,2023-04-04,1,none
FB_CUST_02363_8bbe3a36,CUST_02363,2025-09-24,1,none
FB_CUST_02369_5adb9cd8,CUST_02369,2023-05-04,1,timing
FB_CUST_02373_4fd8b522,CUST_02373,2023-03-04,1,clarity
FB_CUST_02378_e5d5c90c,CUST_02378,2025-02-26,2,frequency
FB_CUST_02383_ff785b47,CUST_02383,2024-03-05,1,timing
FB_CUST_02384_5e13f5a4,CUST_02384,2025-10-25,1,none
FB_CUST_02385_2589cd53,CUST_02385,2023-01-28,1,none
FB_CUST_02393_442767ff,CUST_02393,2023-09-30,1,none
FB_CUST_02395_aaeb60de,CUST_02395,2023-04-06,1,timing
FB_CUST_02404_ea47d436,CUST_02404,2024-11-15,1,timing
FB_CUST_02408_77640fdd,CUST_02408,2024-06-06,1,timing
FB_CUST_02410_2df403b0,CUST_02410,2023-06-11,1,none
FB_CUST_02411_eb750dcc,CUST_02411,2023-10-16,1,none
FB_CUST_02419_c065eacb,CUST_02419,2025-08-09,1,timing
FB_CUST_02429_ce359c49,CUST_02429,2024-03-05,1,timing
FB_CUST_02430_d510b30c,CUST_02430,2022-07-17,1,timing
FB_CUST_02435_3ef073e1,CUST_02435,2022-04-30,1,none
FB_CUST_02438_9dfca9fc,CUST_02438,2022-01-03,1,timing
FB_CUST_02443_eda4ce18,CUST_02443,2024-05-11,1,timing
FB_CUST_02444_6c1677f9,CUST_02444,2023-05-06,1,none
FB_CUST_02446_3bd22128,CUST_02446,2025-01-28,1,frequency
FB_CUST_02448_6e9ce90c,CUST_02448,2024-06-12,1,none
FB_CUST_02458_d4cc4c7c,CUST_02458,2023-08-07,1,timing
FB_CUST_02459_46ab52af,CUST_02459,2024-10-10,1,none
FB_CUST_02460_82d157a6,CUST_02460,2023-01-29,1,timing
FB_CUST_02461_3860362a,CUST_02461,2022-12-18,1,timing
FB_CUST_02466_eb8d9fd4,CUST_02466,2023-09-05,1,none
FB_CUST_02475_e23672fc,CUST_02475,2023-05-28,1,none
FB_CUST_02476_f7dca640,CUST_02476,2022-12-23,1,timing
FB_CUST_02482_a7f32d42,CUST_02482,2022-01-19,1,none
FB_CUST_02486_378f53de,CUST_02486,2023-02-27,1,none
FB_CUST_02488_15427651,CUST_02488,2025-07-24,1,none
FB_CUST_02489_48cc41a8,CUST_02489,2022-12-08,1,frequency
FB_CUST_02498_75743bfd,CUST_02498,2022-09-27,1,none
FB_CUST_02502_5f291c69,CUST_02502,2023-03-14,1,timing
FB_CUST_02521_614fe86d,CUST_02521,2022-09-07,1,timing
FB_CUST_02525_ab900b2a,CUST_02525,2023-01-02,1,none
FB_CUST_02526_8bdff416,CUST_02526,2023-01-13,1,none
FB_CUST_02530_13a9cf7d,CUST_02530,2022-07-01,1,none
FB_CUST_02532_c6c7eb48,CUST_02532,2025-07-10,1,frequency
FB_CUST_02533_7f74be2d,CUST_02533,2025-11-04,1,none
FB_CUST_02534_2f64ca46,CUST_02534,2023-10-29,1,frequency
FB_CUST_02539_91ef1f27,CUST_02539,2024-06-17,1,none
FB_CUST_02540_3a2c4fb5,CUST_02540,2024-01-15,1,timing
FB_CUST_02543_1c68ebd9,CUST_02543,2025-12-13,1,timing
FB_CUST_02546_3e6feeb7,CUST_02546,2025-11-30,1,none
FB_CUST_02549_138401ef,CUST_02549,2025-05-20,1,clarity
FB_CUST_02550_c86b6d29,CUST_02550,2024-11-13,1,frequency
FB_CUST_02551_abc0814c,CUST_02551,2023-12-29,1,timing
FB_CUST_02554_fe61d01a,CUST_02554,2023-09-18,1,timing
FB_CUST_02555_42fe386c,CUST_02555,2022-01-25,1,none
FB_CUST_02568_074bfeb5,CUST_02568,2022-06-23,1,clarity
FB_CUST_02572_050e328d,CUST_02572,2022-08-22,1,none
FB_CUST_02573_68feeecc,CUST_02573,2023-06-10,1,none
FB_CUST_02574_692529ee,CUST_02574,2022-05-17,1,none
FB_CUST_02578_c347ce6c,CUST_02578,2025-04-18,1,none
FB_CUST_02586_eb87cd96,CUST_02586,2022-03-18,1,timing
FB_CUST_02592_babdd7a9,CUST_02592,2024-11-27,1,none
FB_CUST_02593_2f46a9a1,CUST_02593,2023-10-27,1,timing
FB_CUST_02598_1a7d6ceb,CUST_02598,2025-11-03,1,frequency
FB_CUST_02599_419dc635,CUST_02599,2023-06-16,1,none
FB_CUST_02600_67e26cab,CUST_02600,2025-09-20,1,none
FB_CUST_02608_218478ad,CUST_02608,2023-06-18,1,timing
FB_CUST_02614_e43d8270,CUST_02614,2024-08-12,1,frequency
FB_CUST_02615_ae0f0f3a,CUST_02615,2022-12-26,1,timing
FB_CUST_02618_cebd44e5,CUST_02618,2023-04-03,1,none
FB_CUST_02629_0813fa36,CUST_02629,2022-07-26,1,timing
FB_CUST_02632_7c4dc4f4,CUST_02632,2024-01-05,1,none
FB_CUST_02637_40b9c992,CUST_02637,2025-11-12,1,timing
FB_CUST_02639_a1eb0a78,CUST_02639,2022-08-14,1,none
FB_CUST_02642_75e77566,CUST_02642,2023-05-16,1,none
FB_CUST_02645_cda5f0a4,CUST_02645,2024-01-06,1,timing
FB_CUST_02648_1adf7117,CUST_02648,2023-06-04,1,frequency
FB_CUST_02652_8095ae63,CUST_02652,2023-04-29,1,timing
FB_CUST_02655_ad24c2f8,CUST_02655,2022-06-06,1,none
FB_CUST_02660_8d1ce507,CUST_02660,2024-10-24,1,clarity
FB_CUST_02666_fa6bcddf,CUST_02666,2024-03-31,1,none
FB_CUST_02668_f370be6e,CUST_02668,2025-08-04,1,none
FB_CUST_02670_f34b75d7,CUST_02670,2023-04-18,1,none
FB_CUST_02671_dbb5f93e,CUST_02671,2024-10-22,1,timing
FB_CUST_02673_de56e9a5,CUST_02673,2024-03-12,1,timing
FB_CUST_02677_84b20608,CUST_02677,2024-09-24,1,frequency
FB_CUST_02678_98326f82,CUST_02678,2024-12-19,1,frequency
FB_CUST_02689_7689e1cc,CUST_02689,2022-08-01,1,none
FB_CUST_02693_f200e796,CUST_02693,2022-02-18,1,timing
FB_CUST_02696_a87e4348,CUST_02696,2024-02-04,1,timing
FB_CUST_02697_be6e3139,CUST_02697,2024-01-21,1,timing
FB_CUST_02703_be54100f,CUST_02703,2022-03-11,1,none
FB_CUST_02708_992c23ff,CUST_02708,2024-02-03,1,clarity
FB_CUST_02711_a9ef5a8f,CUST_02711,2024-01-09,1,frequency
FB_CUST_02730_99745594,CUST_02730,2024-12-05,1,frequency
FB_CUST_02735_cf6100fe,CUST_02735,2023-02-12,1,timing
FB_CUST_02738_050b85ff,CUST_02738,2023-12-11,1,none
FB_CUST_02739_d872781f,CUST_02739,2022-08-07,1,timing
FB_CUST_02741_a1eac93c,CUST_02741,2023-11-03,1,timing
FB_CUST_02755_9dc966b4,CUST_02755,2023-11-05,1,frequency
FB_CUST_02760_764ee579,CUST_02760,2024-10-31,1,timing
FB_CUST_02761_7a417ae2,CUST_02761,2024-02-22,1,timing
FB_CUST_02763_2858027c,CUST_02763,2023-10-31,1,timing
FB_CUST_02765_5dc0a92f,CUST_02765,2022-08-29,1,none
FB_CUST_02766_92338427,CUST_02766,2024-08-24,1,none
FB_CUST_02767_bea5f3e9,CUST_02767,2025-07-16,1,none
FB_CUST_02771_6db49e07,CUST_02771,2023-04-19,1,none
FB_CUST_02775_37423d7d,CUST_02775,2022-08-23,1,none
FB_CUST_02776_c5055203,CUST_02776,2024-06-26,1,clarity
FB_CUST_02783_f7cc1d7b,CUST_02783,2022-09-08,1,none
FB_CUST_02787_40ab66a4,CUST_02787,2022-01-25,1,frequency
FB_CUST_02788_e6bab3af,CUST_02788,2022-03-06,1,none
FB_CUST_02799_f6728e49,CUST_02799,2024-02-20,1,none
FB_CUST_02801_a51018b3,CUST_02801,2022-07-12,1,none
FB_CUST_02802_a414a763,CUST_02802,2022-02-17,1,timing
FB_CUST_02807_e22ade7d,CUST_02807,2025-01-04,1,timing
FB_CUST_02808_d2e9d44f,CUST_02808,2022-04-28,1,frequency
FB_CUST_02822_bdf83102,CUST_02822,2024-04-24,1,timing
FB_CUST_02823_67605bc8,CUST_02823,2022-06-20,1,none
FB_CUST_02825_7dec7594,CUST_02825,2025-01-12,1,none
FB_CUST_02828_1c7e7797,CUST_02828,2025-04-30,1,frequency
FB_CUST_02831_cb171713,CUST_02831,2023-05-07,2,none
FB_CUST_02832_34fc5010,CUST_02832,2022-03-29,1,timing
FB_CUST_02836_9b0f7f63,CUST_02836,2025-08-15,1,frequency
FB_CUST_02837_51edd4e5,CUST_02837,2023-01-16,1,none
FB_CUST_02842_e2df6870,CUST_02842,2022-12-03,1,timing
FB_CUST_02845_cf6de365,CUST_02845,2023-01-10,1,timing
FB_CUST_02846_0b508866,CUST_02846,2024-03-22,1,none
FB_CUST_02848_84152f06,CUST_02848,2022-06-24,1,none
FB_CUST_02849_df708d5f,CUST_02849,2024-08-07,1,timing
FB_CUST_02859_89e0adf2,CUST_02859,2023-11-13,1,frequency
FB_CUST_02861_6ec8e987,CUST_02861,2024-04-26,1,timing
FB_CUST_02862_658bf3bd,CUST_02862,2022-06-05,1,none
FB_CUST_02866_a4237cd3,CUST_02866,2022-07-05,1,timing
FB_CUST_02869_d833e561,CUST_02869,2022-05-08,1,none
FB_CUST_02877_8ec672cf,CUST_02877,2025-12-27,1,clarity
FB_CUST_02880_282ac0b4,CUST_02880,2022-03-17,1,timing
FB_CUST_02883_74096975,CUST_02883,2023-12-21,1,none
FB_CUST_02885_7cb3618b,CUST_02885,2022-12-18,1,none
FB_CUST_02888_ba14b1f5,CUST_02888,2024-02-05,1,none
FB_CUST_02892_5c289379,CUST_02892,2022-02-19,1,timing
FB_CUST_02893_6bf91692,CUST_02893,2024-03-14,1,timing
FB_CUST_02896_fc61201b,CUST_02896,2024-08-29,1,none
FB_CUST_02910_de05f346,CUST_02910,2022-09-16,1,timing
FB_CUST_02912_9b47f030,CUST_02912,2023-10-08,1,frequency
FB_CUST_02913_1d96b723,CUST_02913,2025-05-15,1,none
FB_CUST_02916_3279c79e,CUST_02916,2023-11-23,1,clarity
FB_CUST_02931_fbb2232d,CUST_02931,2022-12-07,1,none
FB_CUST_02936_c90ac373,CUST_02936,2025-03-27,1,frequency
FB_CUST_02942_ab50a36c,CUST_02942,2024-03-07,1,timing
FB_CUST_02947_0263ba8e,CUST_02947,2025-11-22,3,none
FB_CUST_02955_347c8cdb,CUST_02955,2025-07-01,1,none
FB_CUST_02960_7e11f402,CUST_02960,2022-08-16,1,none
FB_CUST_02969_52f2244d,CUST_02969,2024-08-19,1,none
FB_CUST_02972_60b3fc42,CUST_02972,2022-08-08,1,none
FB_CUST_02974_59a24ce2,CUST_02974,2024-08-29,1,timing
FB_CUST_02976_baa0fe79,CUST_02976,2023-05-01,1,none
FB_CUST_02979_2694d59f,CUST_02979,2023-07-19,1,timing
FB_CUST_02980_f13a79a5,CUST_02980,2023-01-28,1,none
FB_CUST_02984_b8e3cb0b,CUST_02984,2024-03-14,1,timing
FB_CUST_02985_eb4bce75,CUST_02985,2022-06-19,1,frequency
FB_CUST_02988_bb2adf4f,CUST_02988,2023-05-08,1,none
FB_CUST_02992_d9729f26,CUST_02992,2024-09-07,1,none
FB_CUST_02994_f436a582,CUST_02994,2024-10-02,1,timing
FB_CUST_02997_f3186e43,CUST_02997,2025-05-02,1,none
FB_CUST_03002_a80073ff,CUST_03002,2024-11-16,1,none
FB_CUST_03008_2315627f,CUST_03008,2023-05-19,1,none
FB_CUST_03010_b1e6d38b,CUST_03010,2024-04-20,1,none
FB_CUST_03012_181d20c8,CUST_03012,2024-03-30,1,frequency
FB_CUST_03013_3164ef64,CUST_03013,2024-03-28,1,timing
FB_CUST_03020_8d5b6420,CUST_03020,2023-07-10,1,none
FB_CUST_03028_d2689f84,CUST_03028,2025-08-17,1,none
FB_CUST_03030_9d854625,CUST_03030,2025-08-21,1,timing
FB_CUST_03031_1cec26b4,CUST_03031,2025-10-06,1,none
FB_CUST_03032_174b6180,CUST_03032,2025-05-16,1,none
FB_CUST_03035_66811ae9,CUST_03035,2022-01-27,1,timing
FB_CUST_03040_76c62d77,CUST_03040,2025-12-10,1,timing
FB_CUST_03041_71b239a8,CUST_03041,2023-05-18,1,none
FB_CUST_03043_d262104b,CUST_03043,2022-08-16,1,timing
FB_CUST_03045_c9161f4c,CUST_03045,2023-03-14,1,none
FB_CUST_03047_bf7e824b,CUST_03047,2024-09-02,1,none
FB_CUST_03049_26692729,CUST_03049,2025-08-17,2,timing
FB_CUST_03051_5a7c515f,CUST_03051,2023-03-21,1,none
FB_CUST_03055_e17c5980,CUST_03055,2024-02-10,1,timing
FB_CUST_03061_1b3589a0,CUST_03061,2022-06-05,1,timing
FB_CUST_03064_ba584087,CUST_03064,2025-12-13,1,frequency
FB_CUST_03069_13b6fc76,CUST_03069,2023-02-15,1,none
FB_CUST_03074_a7a79f76,CUST_03074,2025-07-24,1,none
FB_CUST_03075_b801a4ee,CUST_03075,2022-09-19,1,none
FB_CUST_03077_3b0ea00e,CUST_03077,2025-12-18,1,none
FB_CUST_03082_4e4aa8ad,CUST_03082,2025-09-21,1,none
FB_CUST_03085_3675fa1a,CUST_03085,2022-07-24,1,none
FB_CUST_03087_1b02940a,CUST_03087,2022-10-12,1,none
FB_CUST_03098_c93a8578,CUST_03098,2022-09-20,1,frequency
FB_CUST_03101_6a95c564,CUST_03101,2023-10-13,1,clarity
FB_CUST_03109_23090379,CUST_03109,2024-04-25,1,timing
FB_CUST_03117_02bf20f2,CUST_03117,2024-09-15,1,frequency
FB_CUST_03121_38d72701,CUST_03121,2025-03-20,1,clarity
FB_CUST_03124_c83de016,CUST_03124,2024-04-06,1,none
FB_CUST_03126_a3b542ea,CUST_03126,2022-12-15,1,none
FB_CUST_03128_7562b0cd,CUST_03128,2024-07-23,1,frequency
FB_CUST_03132_3baf915b,CUST_03132,2023-04-28,1,none
FB_CUST_03134_44238e91,CUST_03134,2025-08-29,1,none
FB_CUST_03135_f1709320,CUST_03135,2022-11-25,2,none
FB_CUST_03137_b429cbcd,CUST_03137,2023-10-15,1,timing
FB_CUST_03141_99b9a561,CUST_03141,2025-04-29,2,frequency
FB_CUST_03143_2f382ec7,CUST_03143,2022-04-10,1,timing
FB_CUST_03146_ff41919c,CUST_03146,2025-11-21,1,timing
FB_CUST_03154_b64f8bf5,CUST_03154,2023-04-22,1,timing
FB_CUST_03166_2a97c00b,CUST_03166,2023-06-22,1,timing
FB_CUST_03167_d4bb3a75,CUST_03167,2023-08-27,1,none
FB_CUST_03173_499a6fc1,CUST_03173,2024-11-23,1,none
FB_CUST_03180_f708ced2,CUST_03180,2022-05-03,1,clarity
FB_CUST_03182_9a6ac74d,CUST_03182,2024-11-21,1,timing
FB_CUST_03183_7dff734b,CUST_03183,2024-08-31,1,none
FB_CUST_03185_b8decd98,CUST_03185,2022-01-15,1,none
FB_CUST_03187_7bf0ebcf,CUST_03187,2025-02-06,1,timing
FB_CUST_03188_072fd263,CUST_03188,2023-05-13,1,none
FB_CUST_03190_3d6c1316,CUST_03190,2023-08-10,1,none
FB_CUST_03191_669ffadc,CUST_03191,2024-10-14,1,none
FB_CUST_03192_10f76620,CUST_03192,2025-11-29,1,frequency
FB_CUST_03195_9cf42e61,CUST_03195,2024-11-08,1,none
FB_CUST_03206_d5c5cdd2,CUST_03206,2022-09-21,1,none
FB_CUST_03207_a84480c6,CUST_03207,2023-08-04,1,timing
FB_CUST_03212_aa6c86f8,CUST_03212,2023-03-27,1,timing
FB_CUST_03214_2a5f9106,CUST_03214,2023-12-13,1,frequency
FB_CUST_03217_d754d0ff,CUST_03217,2024-10-24,1,clarity
FB_CUST_03222_d57ab85e,CUST_03222,2023-12-12,1,timing
FB_CUST_03224_ca56afb2,CUST_03224,2024-10-15,1,timing
FB_CUST_03226_d584848a,CUST_03226,2025-11-20,1,frequency
FB_CUST_03231_6522c7e7,CUST_03231,2024-04-14,1,timing
FB_CUST_03240_7cede20f,CUST_03240,2022-02-03,1,none
FB_CUST_03242_3863177b,CUST_03242,2022-10-05,1,none
FB_CUST_03245_3eefe7a3,CUST_03245,2025-11-28,1,frequency
FB_CUST_03246_ced8933f,CUST_03246,2023-11-03,1,frequency
FB_CUST_03254_c7156595,CUST_03254,2024-08-13,1,none
FB_CUST_03255_256d1b94,CUST_03255,2024-05-19,1,none
FB_CUST_03258_8464a473,CUST_03258,2022-12-12,1,none
FB_CUST_03261_32e53d64,CUST_03261,2022-09-13,1,none
FB_CUST_03265_70ec3e41,CUST_03265,2023-10-21,1,none
FB_CUST_03269_8ca7f302,CUST_03269,2023-03-25,1,none
FB_CUST_03271_f2f382da,CUST_03271,2024-10-21,1,timing
FB_CUST_03277_3f8d5b62,CUST_03277,2024-01-17,1,none
FB_CUST_03278_abcf21ac,CUST_03278,2022-05-12,1,timing
FB_CUST_03282_5cf11d0c,CUST_03282,2022-07-27,1,timing
FB_CUST_03287_e5850bfc,CUST_03287,2023-03-17,1,none
FB_CUST_03290_fab3ed42,CUST_03290,2024-03-29,1,timing
FB_CUST_03294_760aa817,CUST_03294,2022-04-19,1,timing
FB_CUST_03298_8e3258eb,CUST_03298,2023-10-19,1,none
FB_CUST_03299_920fe5a6,CUST_03299,2025-01-05,1,none
FB_CUST_03302_8f5707dd,CUST_03302,2022-10-26,1,timing
FB_CUST_03309_37c666c9,CUST_03309,2023-06-20,1,frequency
FB_CUST_03315_fa1d15fc,CUST_03315,2025-03-30,1,none
FB_CUST_03319_11d83d0e,CUST_03319,2023-03-12,1,timing
FB_CUST_03321_e94c3b20,CUST_03321,2022-05-18,1,none
FB_CUST_03322_1bb57a40,CUST_03322,2025-03-02,1,none
FB_CUST_03323_060036e0,CUST_03323,2024-11-15,1,frequency
FB_CUST_03327_02a33b52,CUST_03327,2024-09-18,1,timing
FB_CUST_03330_53457686,CUST_03330,2024-01-17,1,frequency
FB_CUST_03344_4fc88a3d,CUST_03344,2022-07-09,1,timing
FB_CUST_03345_c5a08118,CUST_03345,2025-05-23,1,none
FB_CUST_03348_bad21c55,CUST_03348,2024-08-03,1,none
FB_CUST_03350_ad2ccd63,CUST_03350,2022-06-03,1,frequency
FB_CUST_03352_cda48024,CUST_03352,2022-03-26,1,frequency
FB_CUST_03354_3e0d71e2,CUST_03354,2024-10-25,1,timing
FB_CUST_03359_6b8a1d50,CUST_03359,2025-05-29,1,frequency
FB_CUST_03360_5127a8dc,CUST_03360,2025-02-03,1,timing
FB_CUST_03374_63e9ca0b,CUST_03374,2022-09-10,1,none
FB_CUST_03380_72e2e896,CUST_03380,2023-08-14,1,timing
FB_CUST_03382_9746349e,CUST_03382,2023-01-11,1,timing
FB_CUST_03383_d72b488b,CUST_03383,2023-08-07,1,clarity
FB_CUST_03386_c7e471e8,CUST_03386,2022-06-07,1,none
FB_CUST_03387_ae960a9f,CUST_03387,2022-02-19,1,frequency
FB_CUST_03389_793f66ef,CUST_03389,2022-12-30,1,timing
FB_CUST_03391_6fc15e86,CUST_03391,2023-05-03,1,frequency
FB_CUST_03392_c9cf57d3,CUST_03392,2025-04-23,1,none
FB_CUST_03396_5aa66a87,CUST_03396,2023-04-27,1,timing
FB_CUST_03398_446510e6,CUST_03398,2024-10-21,1,timing
FB_CUST_03411_0a8c4afe,CUST_03411,2023-01-30,1,none
FB_CUST_03416_b449d0c4,CUST_03416,2024-02-18,1,frequency
FB_CUST_03418_27f0ef76,CUST_03418,2023-11-28,1,timing
FB_CUST_03424_69baa5b9,CUST_03424,2025-08-17,1,timing
FB_CUST_03430_bd89505e,CUST_03430,2023-05-07,1,frequency
FB_CUST_03432_53f64184,CUST_03432,2025-04-26,1,timing
FB_CUST_03437_bc1a8a98,CUST_03437,2022-09-30,1,none
FB_CUST_03440_102180b2,CUST_03440,2022-08-27,1,none
FB_CUST_03443_6b27eda1,CUST_03443,2022-01-03,1,none
FB_CUST_03445_d2fa356d,CUST_03445,2022-11-14,1,timing
FB_CUST_03446_723b3d86,CUST_03446,2025-12-28,1,none
FB_CUST_03447_fc36aac9,CUST_03447,2023-10-23,1,clarity
FB_CUST_03448_3f093b3f,CUST_03448,2025-08-23,1,none
FB_CUST_03451_b89baa91,CUST_03451,2024-06-13,1,timing
FB_CUST_03452_a2ea8662,CUST_03452,2023-02-16,1,timing
FB_CUST_03453_3f82ba76,CUST_03453,2023-01-13,1,none
FB_CUST_03454_c519dd7b,CUST_03454,2024-05-31,1,none
FB_CUST_03461_d38f2e25,CUST_03461,2024-01-20,1,timing
FB_CUST_03462_7f664806,CUST_03462,2024-01-11,1,none
FB_CUST_03465_de571b02,CUST_03465,2023-01-19,1,frequency
FB_CUST_03467_24411413,CUST_03467,2024-03-07,1,frequency
FB_CUST_03469_a1e5c030,CUST_03469,2023-10-28,1,none
FB_CUST_03473_d0d68b89,CUST_03473,2024-11-19,1,timing
FB_CUST_03474_99ec6618,CUST_03474,2023-07-14,1,none
FB_CUST_03477_24ad5d3f,CUST_03477,2024-10-12,1,none
FB_CUST_03478_7a671707,CUST_03478,2025-08-08,1,frequency
FB_CUST_03485_72ddcb8e,CUST_03485,2024-05-25,1,none
FB_CUST_03487_60c4ba6c,CUST_03487,2025-07-01,1,frequency
FB_CUST_03490_c4e692b1,CUST_03490,2024-05-13,1,none
FB_CUST_03492_5d73cddb,CUST_03492,2023-04-04,1,none
FB_CUST_03495_f1885c2e,CUST_03495,2024-05-21,1,none
FB_CUST_03497_e3be0bf2,CUST_03497,2024-12-29,1,timing
FB_CUST_03504_5d5be825,CUST_03504,2024-01-13,1,none
FB_CUST_03505_f231c665,CUST_03505,2023-06-05,1,none
FB_CUST_03512_23bbde02,CUST_03512,2022-02-21,1,timing
FB_CUST_03515_ca91d1c3,CUST_03515,2022-01-27,1,timing
FB_CUST_03525_9be59763,CUST_03525,2022-01-09,1,frequency
FB_CUST_03526_4b62dee6,CUST_03526,2024-08-26,1,frequency
FB_CUST_03530_c1416de2,CUST_03530,2025-12-06,1,timing
FB_CUST_03534_65318bb8,CUST_03534,2022-01-12,1,none
FB_CUST_03539_c0234c93,CUST_03539,2025-05-09,1,timing
FB_CUST_03542_7eb2aef0,CUST_03542,2024-06-04,1,none
FB_CUST_03543_05df72b1,CUST_03543,2025-10-05,1,none
FB_CUST_03546_730dc595,CUST_03546,2024-03-23,1,none
FB_CUST_03549_c3386d28,CUST_03549,2022-10-11,1,none
FB_CUST_03550_66bef09c,CUST_03550,2023-03-26,1,none
FB_CUST_03552_6b6ac261,CUST_03552,2023-09-28,1,frequency
FB_CUST_03558_903a92c5,CUST_03558,2023-03-23,1,frequency
FB_CUST_03559_4e90d42e,CUST_03559,2022-09-19,1,timing
FB_CUST_03560_bf6558fb,CUST_03560,2022-07-17,1,none
FB_CUST_03563_77906cf4,CUST_03563,2023-08-03,1,none
FB_CUST_03568_5ef048ae,CUST_03568,2023-05-20,1,clarity
FB_CUST_03570_efed5616,CUST_03570,2023-11-25,1,none
FB_CUST_03572_fa065a8e,CUST_03572,2023-11-27,1,timing
FB_CUST_03573_ee1197c4,CUST_03573,2025-12-13,1,clarity
FB_CUST_03576_79572d10,CUST_03576,2024-08-10,1,timing
FB_CUST_03588_531b9db9,CUST_03588,2025-08-10,1,clarity
FB_CUST_03590_585b0caf,CUST_03590,2024-01-02,1,none
FB_CUST_03592_ebc65176,CUST_03592,2024-07-09,1,frequency
FB_CUST_03593_7b1b5f76,CUST_03593,2025-04-23,1,frequency
FB_CUST_03602_29245382,CUST_03602,2024-10-14,1,none
FB_CUST_03603_4c9b6b07,CUST_03603,2024-02-19,1,none
FB_CUST_03605_5f14aafa,CUST_03605,2024-07-03,1,timing
FB_CUST_03610_afa81e2f,CUST_03610,2025-11-09,1,none
FB_CUST_03618_ac2fbf7b,CUST_03618,2025-04-23,1,none
FB_CUST_03621_a236c86d,CUST_03621,2022-10-07,1,clarity
FB_CUST_03625_55e23121,CUST_03625,2024-01-12,1,timing
FB_CUST_03635_62eee461,CUST_03635,2022-12-04,1,frequency
FB_CUST_03644_42c2a610,CUST_03644,2025-02-26,1,none
FB_CUST_03648_a6761b48,CUST_03648,2023-05-09,1,none
FB_CUST_03652_b9c6feee,CUST_03652,2025-04-16,1,none
FB_CUST_03653_b5243259,CUST_03653,2024-05-22,1,clarity
FB_CUST_03654_2b57cb78,CUST_03654,2023-09-29,1,none
FB_CUST_03663_cbba63a5,CUST_03663,2022-05-11,1,timing
FB_CUST_03664_75dce7d7,CUST_03664,2022-04-01,1,timing
FB_CUST_03667_e18be0f4,CUST_03667,2025-04-14,1,timing
FB_CUST_03668_be66184d,CUST_03668,2024-05-19,1,none
FB_CUST_03669_aeac33aa,CUST_03669,2022-08-01,1,clarity
FB_CUST_03670_88df046a,CUST_03670,2025-09-23,1,none
FB_CUST_03671_ac2bb85c,CUST_03671,2024-11-24,1,frequency
FB_CUST_03672_cd39b620,CUST_03672,2022-05-09,1,timing
FB_CUST_03674_2108eaee,CUST_03674,2025-03-01,1,none
FB_CUST_03681_d1914db7,CUST_03681,2025-12-10,1,none
FB_CUST_03689_92961968,CUST_03689,2024-09-13,1,timing
FB_CUST_03694_6d94a597,CUST_03694,2022-10-14,1,none
FB_CUST_03702_357b2c70,CUST_03702,2024-12-18,1,timing
FB_CUST_03704_ca5ea717,CUST_03704,2022-04-22,1,none
FB_CUST_03708_77688fc3,CUST_03708,2024-09-21,1,frequency
FB_CUST_03710_e6fdcf6d,CUST_03710,2022-06-12,1,frequency
FB_CUST_03712_92bd2f82,CUST_03712,2022-03-29,1,clarity
FB_CUST_03713_2cafcb55,CUST_03713,2022-01-28,1,none
FB_CUST_03715_7e42764e,CUST_03715,2024-11-04,1,frequency
FB_CUST_03716_fb79c398,CUST_03716,2024-08-28,1,none
FB_CUST_03722_b3820fc6,CUST_03722,2025-11-15,1,timing
FB_CUST_03726_75bd64ef,CUST_03726,2022-07-10,1,none
FB_CUST_03730_6350022c,CUST_03730,2024-08-28,1,none
FB_CUST_03734_5dedfd92,CUST_03734,2024-11-28,1,timing
FB_CUST_03738_26ebbf18,CUST_03738,2025-07-05,1,frequency
FB_CUST_03748_593a0155,CUST_03748,2022-07-21,1,timing
FB_CUST_03751_af2fa681,CUST_03751,2025-10-09,1,none
FB_CUST_03753_a58dd6db,CUST_03753,2022-12-09,1,frequency
FB_CUST_03754_f8502834,CUST_03754,2025-01-17,1,none
FB_CUST_03762_4b2978f1,CUST_03762,2024-10-19,1,none
FB_CUST_03767_789b8679,CUST_03767,2025-05-29,1,none
FB_CUST_03770_981a7431,CUST_03770,2025-03-21,1,none
FB_CUST_03771_51c4fa3a,CUST_03771,2023-06-09,1,timing
FB_CUST_03791_562bfee7,CUST_03791,2022-03-15,1,none
FB_CUST_03807_5ab93cb0,CUST_03807,2023-06-12,1,frequency
FB_CUST_03809_ca552696,CUST_03809,2023-10-01,1,none
FB_CUST_03819_ee5ad906,CUST_03819,2025-11-29,1,clarity
FB_CUST_03823_7f890857,CUST_03823,2024-07-11,1,frequency
FB_CUST_03829_3d2c49ca,CUST_03829,2025-01-26,1,timing
FB_CUST_03830_5c27395d,CUST_03830,2024-05-06,1,timing
FB_CUST_03839_bc6cc256,CUST_03839,2025-08-09,1,none
FB_CUST_03851_1ec353c0,CUST_03851,2024-05-09,1,timing
FB_CUST_03853_a12b01ea,CUST_03853,2022-03-15,1,frequency
FB_CUST_03860_66a52f25,CUST_03860,2025-08-26,1,frequency
FB_CUST_03864_fd0f276b,CUST_03864,2025-06-17,1,clarity
FB_CUST_03870_391666ec,CUST_03870,2022-05-09,1,none
FB_CUST_03874_5a36a236,CUST_03874,2024-04-29,1,none
FB_CUST_03875_a818d72d,CUST_03875,2024-12-26,1,timing
FB_CUST_03879_ae6d258d,CUST_03879,2025-06-04,1,timing
FB_CUST_03883_b62d89b5,CUST_03883,2022-01-27,1,none
FB_CUST_03900_118c092b,CUST_03900,2023-05-18,1,timing
FB_CUST_03901_d353449e,CUST_03901,2022-03-22,1,none
FB_CUST_03902_d73402e6,CUST_03902,2024-12-31,1,timing
FB_CUST_03903_aa7ba019,CUST_03903,2024-11-27,1,none
FB_CUST_03907_7747d488,CUST_03907,2024-07-12,1,none
FB_CUST_03909_9a670ab9,CUST_03909,2022-12-01,1,timing
FB_CUST_03914_e6e00c11,CUST_03914,2025-10-22,1,none
FB_CUST_03917_2595e148,CUST_03917,2022-10-11,1,none
FB_CUST_03919_9b484ed3,CUST_03919,2025-04-22,1,timing
FB_CUST_03921_5f516513,CUST_03921,2024-09-08,1,timing
FB_CUST_03923_b67077ff,CUST_03923,2023-03-26,1,timing
FB_CUST_03925_f4bfd63a,CUST_03925,2024-07-13,1,none
FB_CUST_03931_ad30e72e,CUST_03931,2025-11-30,1,none
FB_CUST_03932_3f332684,CUST_03932,2022-05-21,1,frequency
FB_CUST_03941_867ce6ba,CUST_03941,2023-10-08,1,none
FB_CUST_03942_0d8b4dcd,CUST_03942,2023-03-22,1,none
FB_CUST_03947_980fb2a0,CUST_03947,2022-06-25,1,timing
FB_CUST_03948_47793ac4,CUST_03948,2022-04-02,1,none
FB_CUST_03950_1f6f696a,CUST_03950,2025-10-17,1,none
FB_CUST_03954_5ca93f33,CUST_03954,2022-02-23,1,none
FB_CUST_03956_19847844,CUST_03956,2025-03-22,1,none
FB_CUST_03958_cc20fcc7,CUST_03958,2024-08-01,1,timing
FB_CUST_03961_2e52539e,CUST_03961,2023-07-15,1,none
FB_CUST_03963_90fe7ab9,CUST_03963,2025-10-17,1,frequency
FB_CUST_03965_9e73ee90,CUST_03965,2022-06-18,1,timing
FB_CUST_03966_daac9f78,CUST_03966,2023-04-10,1,clarity
FB_CUST_03967_5543feeb,CUST_03967,2023-04-19,1,none
FB_CUST_03971_8154fdea,CUST_03971,2022-06-14,1,frequency
FB_CUST_03972_97833128,CUST_03972,2023-09-27,1,none
FB_CUST_03974_63a2f897,CUST_03974,2024-04-21,1,none
FB_CUST_03977_5c37204b,CUST_03977,2022-08-19,1,frequency
FB_CUST_03979_9008d481,CUST_03979,2022-12-31,1,clarity
FB_CUST_03992_903fb6ac,CUST_03992,2022-02-02,1,timing
FB_CUST_03995_200f0cff,CUST_03995,2025-04-14,1,none
FB_CUST_04012_b2eab708,CUST_04012,2022-05-25,1,none
FB_CUST_04016_c9cdb35f,CUST_04016,2024-07-13,1,timing
FB_CUST_04024_5f964c51,CUST_04024,2025-01-08,1,timing
FB_CUST_04027_5dcd7df7,CUST_04027,2024-02-21,1,frequency
FB_CUST_04028_3d60ed0b,CUST_04028,2025-08-09,1,none
FB_CUST_04029_f684dbfa,CUST_04029,2025-12-10,2,none
FB_CUST_04031_f3086ae4,CUST_04031,2024-10-20,1,none
FB_CUST_04033_8b0fe4bc,CUST_04033,2025-07-20,1,none
FB_CUST_04041_91abcd87,CUST_04041,2022-11-16,1,none
FB_CUST_04047_466389bb,CUST_04047,2025-07-11,1,timing
FB_CUST_04054_6bdd179d,CUST_04054,2023-07-14,1,timing
FB_CUST_04059_d96498a2,CUST_04059,2022-07-30,1,timing
FB_CUST_04060_6d4f5f5e,CUST_04060,2022-06-14,1,frequency
FB_CUST_04064_e37c6541,CUST_04064,2023-11-24,1,frequency
FB_CUST_04070_e0e81a18,CUST_04070,2024-02-09,1,none
FB_CUST_04076_bbe08afd,CUST_04076,2023-06-19,1,none
FB_CUST_04087_22a33114,CUST_04087,2023-12-24,1,none
FB_CUST_04091_d6b30c06,CUST_04091,2024-03-17,1,none
FB_CUST_04097_b6fe4ca6,CUST_04097,2025-07-29,1,timing
FB_CUST_04102_44895eaf,CUST_04102,2023-04-09,1,none
FB_CUST_04115_6fe8a0b2,CUST_04115,2025-01-24,1,frequency
FB_CUST_04116_5d68caa2,CUST_04116,2022-06-22,1,none
FB_CUST_04129_2070b454,CUST_04129,2025-12-16,1,timing
FB_CUST_04130_38473f67,CUST_04130,2024-03-14,1,clarity
FB_CUST_04131_45e6008b,CUST_04131,2024-04-14,1,none
FB_CUST_04147_effc1452,CUST_04147,2025-08-20,1,timing
FB_CUST_04150_3d0fdc27,CUST_04150,2025-10-26,1,timing
FB_CUST_04151_f7f05ab1,CUST_04151,2025-09-14,1,none
FB_CUST_04155_10871aff,CUST_04155,2024-02-03,1,timing
FB_CUST_04160_56e4019a,CUST_04160,2025-11-16,1,timing
FB_CUST_04164_071b8699,CUST_04164,2025-06-26,1,timing
FB_CUST_04165_149ad51a,CUST_04165,2023-04-12,1,timing
FB_CUST_04166_06abc864,CUST_04166,2025-05-21,1,timing
FB_CUST_04167_e91991ef,CUST_04167,2022-11-16,1,timing
FB_CUST_04169_9990a0f0,CUST_04169,2023-05-01,1,none
FB_CUST_04172_ccad409d,CUST_04172,2024-03-24,1,none
FB_CUST_04177_53b0f25e,CUST_04177,2022-12-30,1,frequency
FB_CUST_04178_ea82cb96,CUST_04178,2025-06-14,1,frequency
FB_CUST_04186_477713aa,CUST_04186,2023-08-04,1,none
FB_CUST_04190_41880350,CUST_04190,2025-09-03,1,none
FB_CUST_04191_32d16d13,CUST_04191,2023-04-06,1,none
FB_CUST_04192_650d377b,CUST_04192,2025-01-29,1,timing
FB_CUST_04193_5620b1cc,CUST_04193,2024-12-24,1,frequency
FB_CUST_04196_15b5b785,CUST_04196,2024-02-29,1,none
FB_CUST_04200_ce828cf4,CUST_04200,2024-08-05,1,none
FB_CUST_04201_c09fbfbc,CUST_04201,2023-09-14,1,none
FB_CUST_04205_606d92f2,CUST_04205,2022-12-17,1,none
FB_CUST_04208_15d6ccde,CUST_04208,2024-09-26,1,clarity
FB_CUST_04212_d0635432,CUST_04212,2024-04-06,1,none
FB_CUST_04213_77332853,CUST_04213,2023-04-05,1,none
FB_CUST_04217_fd9d88a8,CUST_04217,2022-05-18,1,timing
FB_CUST_04219_175abe7e,CUST_04219,2024-12-15,1,none
FB_CUST_04220_b7abc3be,CUST_04220,2024-12-16,1,frequency
FB_CUST_04222_d7856a45,CUST_04222,2023-04-11,1,none
FB_CUST_04230_4ddde0ac,CUST_04230,2022-08-20,1,frequency
FB_CUST_04234_6aa89a5e,CUST_04234,2022-09-29,1,frequency
FB_CUST_04237_30813bd1,CUST_04237,2023-08-03,1,timing
FB_CUST_04239_da805edf,CUST_04239,2022-02-15,1,none
FB_CUST_04240_1fe4f3c4,CUST_04240,2022-02-20,1,clarity
FB_CUST_04245_22e791b6,CUST_04245,2025-04-10,1,timing
FB_CUST_04247_676a0cef,CUST_04247,2022-01-05,1,none
FB_CUST_04248_8bc174eb,CUST_04248,2024-11-11,1,none
FB_CUST_04250_7803fb24,CUST_04250,2024-11-22,1,timing
FB_CUST_04251_d30461bf,CUST_04251,2025-09-25,1,none
FB_CUST_04255_a9c45f8f,CUST_04255,2025-10-15,1,none
FB_CUST_04265_2385b53b,CUST_04265,2025-07-15,1,timing
FB_CUST_04275_c8228195,CUST_04275,2025-09-21,1,timing
FB_CUST_04277_48b160b1,CUST_04277,2022-05-14,1,none
FB_CUST_04282_7f9fe3bb,CUST_04282,2023-09-16,1,none
FB_CUST_04303_b58d844b,CUST_04303,2022-12-02,1,timing
FB_CUST_04305_6bcaa7bd,CUST_04305,2025-10-20,1,none
FB_CUST_04315_4c26b729,CUST_04315,2025-12-07,1,timing
FB_CUST_04326_22599886,CUST_04326,2024-07-26,1,none
FB_CUST_04329_20b82ec6,CUST_04329,2023-11-15,1,none
FB_CUST_04330_f3c38275,CUST_04330,2023-05-02,1,none
FB_CUST_04335_f217575c,CUST_04335,2025-07-03,1,frequency
FB_CUST_04339_fc628280,CUST_04339,2024-10-13,1,none
FB_CUST_04343_6a13f64f,CUST_04343,2022-11-09,1,timing
FB_CUST_04345_a69a952f,CUST_04345,2025-07-26,1,timing
FB_CUST_04350_90088f65,CUST_04350,2024-06-15,1,timing
FB_CUST_04355_8690259c,CUST_04355,2022-10-23,1,none
FB_CUST_04356_cc66eff8,CUST_04356,2023-12-13,1,none
FB_CUST_04359_8d6c36b1,CUST_04359,2022-01-27,1,clarity
FB_CUST_04364_e43121d4,CUST_04364,2023-02-25,1,frequency
FB_CUST_04365_8826d42f,CUST_04365,2023-04-15,1,none
FB_CUST_04368_53b6ec42,CUST_04368,2022-05-30,1,none
FB_CUST_04374_60fc1793,CUST_04374,2022-03-14,1,none
FB_CUST_04384_19175ae1,CUST_04384,2023-03-12,1,none
FB_CUST_04391_aa3b2504,CUST_04391,2024-03-18,1,timing
FB_CUST_04398_055fbf6d,CUST_04398,2023-02-01,1,none
FB_CUST_04405_dcfa1b48,CUST_04405,2024-06-11,1,none
FB_CUST_04408_94097131,CUST_04408,2025-02-21,1,none
FB_CUST_04411_41a13b76,CUST_04411,2022-03-05,1,frequency
FB_CUST_04415_e0dfb858,CUST_04415,2023-01-20,1,timing
FB_CUST_04428_6d5282c7,CUST_04428,2022-06-21,1,frequency
FB_CUST_04431_85035dc2,CUST_04431,2025-09-19,1,none
FB_CUST_04432_d3de4da8,CUST_04432,2022-01-19,1,none
FB_CUST_04434_223d2c16,CUST_04434,2022-12-22,2,none
FB_CUST_04437_2a10ad1a,CUST_04437,2023-11-17,1,none
FB_CUST_04439_3a8a6f43,CUST_04439,2023-12-12,1,none
FB_CUST_04442_c4572240,CUST_04442,2025-06-09,1,timing
FB_CUST_04444_3466de62,CUST_04444,2022-03-15,1,timing
FB_CUST_04445_b606a8ca,CUST_04445,2022-08-22,1,none
FB_CUST_04448_6152916a,CUST_04448,2024-12-20,1,none
FB_CUST_04451_9beca54e,CUST_04451,2024-08-23,1,timing
FB_CUST_04453_af8f34cc,CUST_04453,2023-01-14,1,none
FB_CUST_04454_2d7de5e5,CUST_04454,2022-12-20,1,none
FB_CUST_04460_989bfed8,CUST_04460,2025-05-03,1,none
FB_CUST_04461_d09ea465,CUST_04461,2023-09-16,1,none
FB_CUST_04469_f93ad1e5,CUST_04469,2023-06-16,1,timing
FB_CUST_04472_092b0dd1,CUST_04472,2024-03-24,1,frequency
FB_CUST_04479_2afb7bc9,CUST_04479,2023-11-16,1,none
FB_CUST_04481_43593fe0,CUST_04481,2022-02-02,1,frequency
FB_CUST_04491_9ec917d4,CUST_04491,2023-05-12,1,timing
FB_CUST_04495_62fd12a0,CUST_04495,2025-09-22,1,none
FB_CUST_04497_a3cd4d62,CUST_04497,2022-01-17,1,timing
FB_CUST_04498_9e2ab9f8,CUST_04498,2022-07-09,1,none
FB_CUST_04503_9d8c853b,CUST_04503,2022-10-16,1,timing
FB_CUST_04511_3879496c,CUST_04511,2023-03-25,1,none
FB_CUST_04514_f252357d,CUST_04514,2025-08-10,1,timing
FB_CUST_04517_779a5054,CUST_04517,2022-08-06,1,timing
FB_CUST_04519_be45602b,CUST_04519,2022-06-21,1,none
FB_CUST_04521_bff6e126,CUST_04521,2024-11-30,1,timing
FB_CUST_04524_ba7fb8a8,CUST_04524,2024-03-24,1,none
FB_CUST_04529_a98162a2,CUST_04529,2024-03-12,1,none
FB_CUST_04541_8afb9428,CUST_04541,2024-05-27,1,none
FB_CUST_04543_dd3a861c,CUST_04543,2025-04-25,1,timing
FB_CUST_04546_7b5df17c,CUST_04546,2022-06-30,1,none
FB_CUST_04548_6b6ad37e,CUST_04548,2025-02-19,1,timing
FB_CUST_04562_d1fa9c0e,CUST_04562,2024-10-29,1,timing
FB_CUST_04563_4d0a048c,CUST_04563,2022-07-31,1,frequency
FB_CUST_04566_33147b2c,CUST_04566,2022-12-15,1,clarity
FB_CUST_04567_4553e095,CUST_04567,2022-09-19,1,timing
FB_CUST_04570_270f62c2,CUST_04570,2025-11-28,1,frequency
FB_CUST_04571_619a61f9,CUST_04571,2024-03-04,1,none
FB_CUST_04577_0537aad5,CUST_04577,2022-08-11,1,none
FB_CUST_04579_15e1aac5,CUST_04579,2025-03-30,1,none
FB_CUST_04582_c7fcaacd,CUST_04582,2022-01-30,1,none
FB_CUST_04584_b4be0dfc,CUST_04584,2024-01-23,1,clarity
FB_CUST_04586_ebe7c213,CUST_04586,2024-04-17,1,timing
FB_CUST_04593_90baf9e6,CUST_04593,2025-01-03,1,timing
FB_CUST_04594_11a8ce56,CUST_04594,2025-08-08,1,frequency
FB_CUST_04595_4d4f807b,CUST_04595,2025-12-04,1,none
FB_CUST_04600_5e9e7ade,CUST_04600,2024-01-18,1,none
FB_CUST_04604_02c5cb3b,CUST_04604,2025-01-28,1,frequency
FB_CUST_04605_ad96305c,CUST_04605,2022-06-20,1,timing
FB_CUST_04608_016d626a,CUST_04608,2025-12-03,1,none
FB_CUST_04610_33d1283a,CUST_04610,2025-12-23,1,timing
FB_CUST_04616_fff15dea,CUST_04616,2022-10-26,1,timing
FB_CUST_04624_5453e66d,CUST_04624,2025-12-07,1,timing
FB_CUST_04634_c1ed8cbf,CUST_04634,2023-07-17,1,none
FB_CUST_04646_716f5cdc,CUST_04646,2023-09-13,1,frequency
FB_CUST_04647_6ab10795,CUST_04647,2023-02-02,1,frequency
FB_CUST_04656_8096a0a3,CUST_04656,2024-02-06,1,timing
FB_CUST_04661_dae5d848,CUST_04661,2023-11-19,1,timing
FB_CUST_04663_ec1b4734,CUST_04663,2025-12-10,1,none
FB_CUST_04664_198f71dc,CUST_04664,2025-10-30,1,none
FB_CUST_04665_eebf54e2,CUST_04665,2022-12-26,1,timing
FB_CUST_04666_03053dc2,CUST_04666,2022-11-06,1,timing
FB_CUST_04669_4a73013f,CUST_04669,2023-12-16,1,timing
FB_CUST_04670_4465a6b4,CUST_04670,2023-02-07,1,timing
FB_CUST_04671_e3c8ccc9,CUST_04671,2024-11-11,1,clarity
FB_CUST_04672_5b260d3b,CUST_04672,2025-12-09,1,frequency
FB_CUST_04673_b360dd12,CUST_04673,2024-05-03,1,none
FB_CUST_04674_ebece72e,CUST_04674,2025-04-15,1,clarity
FB_CUST_04683_80598f6c,CUST_04683,2023-04-03,1,none
FB_CUST_04684_d7ac0958,CUST_04684,2024-01-10,1,frequency
FB_CUST_04693_1e276c68,CUST_04693,2023-01-19,1,none
FB_CUST_04697_72a5cf7e,CUST_04697,2023-12-20,1,none
FB_CUST_04702_612c406b,CUST_04702,2025-12-09,1,none
FB_CUST_04706_ba189c4d,CUST_04706,2022-06-03,1,none
FB_CUST_04709_c66ae0d3,CUST_04709,2024-04-09,1,none
FB_CUST_04710_6eedcb40,CUST_04710,2023-08-11,1,none
FB_CUST_04711_60213397,CUST_04711,2024-12-16,1,none
FB_CUST_04719_d939b5f9,CUST_04719,2025-05-22,1,timing
FB_CUST_04722_4aade035,CUST_04722,2022-12-20,1,none
FB_CUST_04732_9b333790,CUST_04732,2023-08-13,1,none
FB_CUST_04737_5b7b6b1b,CUST_04737,2025-09-01,1,timing
FB_CUST_04739_2d56f680,CUST_04739,2022-09-17,1,none
FB_CUST_04745_9151551b,CUST_04745,2022-07-10,1,none
FB_CUST_04749_2eb3a669,CUST_04749,2025-08-22,1,timing
FB_CUST_04750_6ebb41a1,CUST_04750,2025-04-01,1,timing
FB_CUST_04751_8e58a7bc,CUST_04751,2025-12-07,1,none
FB_CUST_04760_a2bf94f9,CUST_04760,2025-07-06,1,clarity
FB_CUST_04761_c1b2ccb4,CUST_04761,2025-07-09,1,none
FB_CUST_04762_efe85494,CUST_04762,2024-01-17,1,frequency
FB_CUST_04765_776f119c,CUST_04765,2024-06-27,1,none
FB_CUST_04766_01fcf27d,CUST_04766,2023-11-08,1,none
FB_CUST_04768_3d235234,CUST_04768,2025-03-12,1,none
FB_CUST_04773_e99e725b,CUST_04773,2023-01-11,1,frequency
FB_CUST_04779_163946d8,CUST_04779,2024-03-31,1,timing
FB_CUST_04780_241a5e3e,CUST_04780,2022-08-29,1,none
FB_CUST_04784_92433120,CUST_04784,2023-06-05,1,none
FB_CUST_04786_50b52c35,CUST_04786,2024-11-10,1,clarity
FB_CUST_04787_de6c1b6e,CUST_04787,2025-05-16,1,none
FB_CUST_04793_3e339fb7,CUST_04793,2022-08-05,1,timing
FB_CUST_04794_b921f085,CUST_04794,2023-04-26,1,none
FB_CUST_04801_091b4506,CUST_04801,2023-08-06,1,none
FB_CUST_04803_89181b82,CUST_04803,2025-08-26,1,none
FB_CUST_04817_ca303553,CUST_04817,2024-01-25,1,frequency
FB_CUST_04819_7e8be009,CUST_04819,2023-05-04,1,none
FB_CUST_04824_f1fd1158,CUST_04824,2023-10-25,1,timing
FB_CUST_04835_077abb0d,CUST_04835,2022-05-31,1,none
FB_CUST_04837_a175b4a8,CUST_04837,2024-04-07,1,timing
FB_CUST_04839_d67d8797,CUST_04839,2022-09-10,1,timing
FB_CUST_04844_e67ae7b7,CUST_04844,2025-10-18,1,timing
FB_CUST_04847_b06cc650,CUST_04847,2025-01-04,1,timing
FB_CUST_04858_2bb897ef,CUST_04858,2022-05-27,1,none
FB_CUST_04859_5e1aa42b,CUST_04859,2025-07-19,1,timing
FB_CUST_04860_a2b1b1a6,CUST_04860,2022-03-28,2,timing
FB_CUST_04875_0fdb23b1,CUST_04875,2024-04-13,1,none
FB_CUST_04882_7c2f8a03,CUST_04882,2023-09-04,1,timing
FB_CUST_04883_c6cfcb7c,CUST_04883,2022-03-13,2,none
FB_CUST_04887_d8a40327,CUST_04887,2025-05-08,1,timing
FB_CUST_04891_d59ec77b,CUST_04891,2024-05-10,1,none
FB_CUST_04892_b5d9a6e6,CUST_04892,2023-06-14,1,timing
FB_CUST_04901_bed0b141,CUST_04901,2022-05-29,1,none
FB_CUST_04904_0fe0e9cc,CUST_04904,2022-07-19,1,timing
FB_CUST_04906_ef78be74,CUST_04906,2022-03-21,1,frequency
FB_CUST_04910_7070bb57,CUST_04910,2024-10-13,1,timing
FB_CUST_04912_f93db03c,CUST_04912,2024-04-14,1,none
FB_CUST_04925_a87991eb,CUST_04925,2024-11-02,1,timing
FB_CUST_04926_70239c0e,CUST_04926,2023-04-27,1,timing
FB_CUST_04931_a129a834,CUST_04931,2025-02-24,1,none
FB_CUST_04934_5e852fb5,CUST_04934,2024-08-05,1,none
FB_CUST_04939_08c162c2,CUST_04939,2025-05-07,1,none
FB_CUST_04941_eb7b1684,CUST_04941,2022-11-28,1,none
FB_CUST_04953_0aada40a,CUST_04953,2023-04-26,1,none
FB_CUST_04954_a1fff03b,CUST_04954,2024-01-15,1,frequency
FB_CUST_04960_5f24c4a2,CUST_04960,2022-02-18,1,timing
FB_CUST_04961_c47c1bd7,CUST_04961,2022-02-08,1,none
FB_CUST_04963_47f56616,CUST_04963,2023-04-23,1,frequency
FB_CUST_04965_0d5e2c93,CUST_04965,2025-11-11,1,none
FB_CUST_04973_ac6349e0,CUST_04973,2022-12-21,1,clarity
FB_CUST_04977_3c7863eb,CUST_04977,2025-09-06,1,none
FB_CUST_04984_b0c84bf3,CUST_04984,2023-08-10,1,none
FB_CUST_04990_d91b039a,CUST_04990,2025-09-01,1,frequency
FB_CUST_04996_de04721b,CUST_04996,2025-07-16,1,clarity
FB_CUST_04997_b50747f8,CUST_04997,2024-01-17,1,frequency
